timestamp,lat,lon,label,confidence
1787759949206,39.99981942,-83.01158945,"maze, labyrinth",0.077
1787759949994,39.99981942,-83.01158945,"maze, labyrinth",0.119
1787759950752,39.99981942,-83.01158945,"maze, labyrinth",0.064
1787759951530,39.99981292,-83.01159373,fountain,0.072
1787759952312,39.99981292,-83.01159373,park bench,0.076
1787759953076,39.99981292,-83.01159373,"maze, labyrinth",0.096
1787759953852,39.99981292,-83.01159373,"maze, labyrinth",0.221
1787759954635,39.99981168,-83.01159451,"maze, labyrinth",0.107
1787759955421,39.99981168,-83.01159451,park bench,0.098
1787759956198,39.99981168,-83.01159451,"golfcart, golf cart",0.095
1787759956988,39.99981168,-83.01159451,"maze, labyrinth",0.096
1787759957764,39.99980783,-83.01159703,"maze, labyrinth",0.086
1787759958547,39.99980783,-83.01159703,"unicycle, monocycle",0.07
1787759959324,39.99980783,-83.01159703,"unicycle, monocycle",0.052
1787759960116,39.99980783,-83.01159703,crutch,0.24
1787759960881,39.99980105,-83.01160145,crutch,0.102
1787759961641,39.99980105,-83.01160145,"unicycle, monocycle",0.127
1787759962410,39.99980105,-83.01160145,bow,0.034
1787759963174,39.99980221,-83.01160074,"lakeside, lakeshore",0.048
1787759963941,39.99980221,-83.01160074,croquet ball,0.061
1787759964705,39.99980221,-83.01160074,croquet ball,0.097
1787759965476,39.99980221,-83.01160074,park bench,0.146
1787759966234,39.99979955,-83.01160246,park bench,0.067
1787759967006,39.99979955,-83.01160246,park bench,0.206
1787759967777,39.99979955,-83.01160246,park bench,0.384
1787759968557,39.99979955,-83.01160246,park bench,0.128
1787759969324,39.9997974,-83.01160383,park bench,0.169
1787759970086,39.9997974,-83.01160383,"maze, labyrinth",0.248
1787759970853,39.9997974,-83.01160383,"unicycle, monocycle",0.195
1787759971616,39.9997974,-83.01160383,"maze, labyrinth",0.288
1787759972380,39.99979168,-83.01159817,"maze, labyrinth",0.735
1787759973143,39.99979168,-83.01159817,"maze, labyrinth",0.274
1787759973919,39.99979168,-83.01159817,swing,0.26
1787759974694,39.99979168,-83.01159817,"maze, labyrinth",0.13
1787759975458,39.99978665,-83.01159192,"maze, labyrinth",0.133
1787759976239,39.99978665,-83.01159192,safety pin,0.109
1787759977031,39.99978665,-83.01159192,sundial,0.311
1787759977802,39.99978665,-83.01159192,swing,0.147
1787759978587,39.99969354,-83.01151266,sundial,0.42
1787759979370,39.99969354,-83.01151266,sundial,0.508
1787759980157,39.99969354,-83.01151266,sundial,0.185
1787759980938,39.99969354,-83.01151266,"pedestal, plinth, footstall",0.059
1787759981716,39.99962628,-83.01145546,pole,0.092
1787759982498,39.99962628,-83.01145546,"worm fence, snake fence, snake-rail fence, Virginia fence",0.036
1787759983291,39.99962628,-83.01145546,"worm fence, snake fence, snake-rail fence, Virginia fence",0.038
1787759984074,39.99962628,-83.01145546,"thatch, thatched roof",0.039
1787759984858,39.99962479,-83.01144706,"sandbar, sand bar",0.05
1787759985638,39.99962479,-83.01144706,"thatch, thatched roof",0.027
1787759986425,39.99962479,-83.01144706,"sandbar, sand bar",0.055
1787759987192,39.99962102,-83.0114389,"sandbar, sand bar",0.031
1787759987976,39.99962102,-83.0114389,rapeseed,0.032
1787759988761,39.99962102,-83.0114389,"sandbar, sand bar",0.035
1787759989538,39.99962102,-83.0114389,"worm fence, snake fence, snake-rail fence, Virginia fence",0.026
1787759990315,39.99961662,-83.01143049,"worm fence, snake fence, snake-rail fence, Virginia fence",0.045
1787759991104,39.99961662,-83.01143049,"sandbar, sand bar",0.04
1787759991891,39.99961662,-83.01143049,"worm fence, snake fence, snake-rail fence, Virginia fence",0.042
1787759992669,39.99961662,-83.01143049,stone wall,0.036
1787759993451,39.99961219,-83.01142391,"worm fence, snake fence, snake-rail fence, Virginia fence",0.093
1787759994235,39.99961219,-83.01142391,"maze, labyrinth",0.054
1787759995017,39.99961219,-83.01142391,park bench,0.064
1787759995799,39.99961219,-83.01142391,"lakeside, lakeshore",0.061
1787759996579,39.99960962,-83.0114186,"worm fence, snake fence, snake-rail fence, Virginia fence",0.078
1787759997366,39.99960962,-83.0114186,"lakeside, lakeshore",0.065
1787759998149,39.99960962,-83.0114186,park bench,0.064
1787759998926,39.99960962,-83.0114186,"unicycle, monocycle",0.219
1787759999708,39.99960554,-83.01141176,"horse cart, horse-cart",0.134
1787760000493,39.99960554,-83.01141176,"unicycle, monocycle",0.189
1787760001277,39.99960554,-83.01141176,"worm fence, snake fence, snake-rail fence, Virginia fence",0.152
1787760002048,39.99960554,-83.01141176,"unicycle, monocycle",0.076
1787760002822,39.99960028,-83.01140522,sundial,0.062
1787760003607,39.99960028,-83.01140522,sundial,0.145
1787760004385,39.99960028,-83.01140522,sundial,0.283
1787760005168,39.99960028,-83.01140522,tile roof,0.567
1787760005950,39.99959427,-83.01139693,sundial,0.404
1787760006736,39.99959427,-83.01139693,sundial,0.297
1787760007517,39.99959427,-83.01139693,sundial,0.259
1787760008285,39.99956413,-83.01142265,"worm fence, snake fence, snake-rail fence, Virginia fence",0.049
1787760009061,39.99956413,-83.01142265,"worm fence, snake fence, snake-rail fence, Virginia fence",0.081
1787760009831,39.99956413,-83.01142265,"worm fence, snake fence, snake-rail fence, Virginia fence",0.062
1787760010605,39.99956413,-83.01142265,"worm fence, snake fence, snake-rail fence, Virginia fence",0.102
1787760011388,39.99956114,-83.01142764,sundial,0.036
1787760012182,39.99956114,-83.01142764,"worm fence, snake fence, snake-rail fence, Virginia fence",0.06
1787760012968,39.99956114,-83.01142764,"lakeside, lakeshore",0.053
1787760013756,39.99956114,-83.01142764,"lakeside, lakeshore",0.048
1787760014541,39.99955982,-83.01142634,"worm fence, snake fence, snake-rail fence, Virginia fence",0.043
1787760015325,39.99955982,-83.01142634,"worm fence, snake fence, snake-rail fence, Virginia fence",0.043
1787760016105,39.99955982,-83.01142634,"lakeside, lakeshore",0.034
1787760016886,39.99955982,-83.01142634,"worm fence, snake fence, snake-rail fence, Virginia fence",0.044
1787760017670,39.9995541,-83.01142238,pole,0.062
1787760018446,39.9995541,-83.01142238,pole,0.052
1787760019228,39.9995541,-83.01142238,pole,0.084
1787760020014,39.9995541,-83.01142238,"lakeside, lakeshore",0.057
1787760020799,39.99954932,-83.01141843,pole,0.115
1787760021580,39.99954932,-83.01141843,"lakeside, lakeshore",0.076
1787760022364,39.99954932,-83.01141843,pole,0.111
1787760023145,39.99954932,-83.01141843,"lakeside, lakeshore",0.133
1787760023927,39.99954414,-83.01141683,pole,0.134
1787760024710,39.99954414,-83.01141683,pole,0.154
1787760025489,39.99954414,-83.01141683,pole,0.083
1787760026267,39.99954098,-83.01141405,"lakeside, lakeshore",0.17
1787760027034,39.99954098,-83.01141405,"lakeside, lakeshore",0.119
1787760027813,39.99954098,-83.01141405,"lakeside, lakeshore",0.174
1787760028590,39.99954098,-83.01141405,"lakeside, lakeshore",0.117
1787760029370,39.99953678,-83.01141215,"lakeside, lakeshore",0.161
1787760030155,39.99953678,-83.01141215,"lakeside, lakeshore",0.188
1787760030936,39.99953678,-83.01141215,"lakeside, lakeshore",0.092
1787760031722,39.99953678,-83.01141215,"lakeside, lakeshore",0.121
1787760032501,39.99953331,-83.01140677,"lakeside, lakeshore",0.102
1787760033280,39.99953331,-83.01140677,"lakeside, lakeshore",0.092
1787760034063,39.99953331,-83.01140677,"lakeside, lakeshore",0.079
1787760034850,39.99953331,-83.01140677,"lakeside, lakeshore",0.149
1787760035615,39.99952759,-83.01140325,"lakeside, lakeshore",0.166
1787760036380,39.99952759,-83.01140325,"lakeside, lakeshore",0.139
1787760037144,39.99952759,-83.01140325,"lakeside, lakeshore",0.108
1787760037908,39.99952759,-83.01140325,park bench,0.194
1787760038676,39.99953755,-83.01137216,park bench,0.15
1787760039439,39.99953755,-83.01137216,park bench,0.187
1787760040194,39.99953755,-83.01137216,park bench,0.381
1787760040962,39.99953755,-83.01137216,park bench,0.31
1787760041722,39.99954496,-83.01136973,"lakeside, lakeshore",0.209
1787760042488,39.99954496,-83.01136973,park bench,0.239
1787760043253,39.99954496,-83.01136973,"lakeside, lakeshore",0.274
1787760044019,39.99954496,-83.01136973,park bench,0.191
1787760044783,39.99954263,-83.01136749,"lakeside, lakeshore",0.349
1787760045567,39.99954263,-83.01136749,park bench,0.167
1787760046334,39.99954263,-83.01136749,"lakeside, lakeshore",0.205
1787760047093,39.99954263,-83.01136749,park bench,0.264
1787760047863,39.99952258,-83.01136593,park bench,0.203
1787760048632,39.99952258,-83.01136593,"lakeside, lakeshore",0.195
1787760049394,39.99952258,-83.01136593,"mobile home, manufactured home",0.297
1787760050161,39.99952258,-83.01136593,park bench,0.166
1787760050929,39.99953376,-83.01138148,park bench,0.188
1787760051697,39.99953376,-83.01138148,"unicycle, monocycle",0.115
1787760052461,39.99953376,-83.01138148,park bench,0.12
1787760053224,39.99953376,-83.01138148,park bench,0.223
1787760053989,39.99931462,-83.01143276,"mobile home, manufactured home",0.152
1787760054755,39.99931462,-83.01143276,"lakeside, lakeshore",0.209
1787760055519,39.99931462,-83.01143276,"mobile home, manufactured home",0.535
1787760056286,39.99931462,-83.01143276,"mobile home, manufactured home",0.262
1787760057051,39.99899729,-83.01152876,"mobile home, manufactured home",0.434
1787760057822,39.99899729,-83.01152876,"mobile home, manufactured home",0.382
1787760058589,39.99899729,-83.01152876,"mobile home, manufactured home",0.409
1787760059355,39.99899106,-83.01152748,"mobile home, manufactured home",0.724
1787760060116,39.99899106,-83.01152748,"mobile home, manufactured home",0.877
1787760060883,39.99899106,-83.01152748,"mobile home, manufactured home",0.645
1787760061649,39.99899106,-83.01152748,"mobile home, manufactured home",0.854
1787760062409,39.99898412,-83.0115208,"mobile home, manufactured home",0.85
1787760063177,39.99898412,-83.0115208,"mobile home, manufactured home",0.705
1787760063940,39.99898412,-83.0115208,"mobile home, manufactured home",0.852
1787760064713,39.99898412,-83.0115208,"mobile home, manufactured home",0.801
1787760065469,39.99895121,-83.01149334,"mobile home, manufactured home",0.57
1787760066239,39.99895121,-83.01149334,"mobile home, manufactured home",0.618
1787760067006,39.99895121,-83.01149334,"mobile home, manufactured home",0.556
1787760067778,39.99895121,-83.01149334,"mobile home, manufactured home",0.404
1787760068543,39.99904975,-83.01150134,"patio, terrace",0.33
1787760069320,39.99904975,-83.01150134,"mobile home, manufactured home",0.59
1787760070102,39.99904975,-83.01150134,"patio, terrace",0.131
1787760070882,39.99904975,-83.01150134,"mobile home, manufactured home",0.081
1787760071666,39.99902954,-83.01150405,"mobile home, manufactured home",0.158
1787760072454,39.99902954,-83.01150405,"mobile home, manufactured home",0.162
1787760073229,39.99902954,-83.01150405,"mobile home, manufactured home",0.143
1787760074017,39.99902954,-83.01150405,"mobile home, manufactured home",0.642
1787760074787,39.99901295,-83.01150846,"mobile home, manufactured home",0.375
1787760075552,39.99901295,-83.01150846,"mobile home, manufactured home",0.583
