timestamp,lat,lon,gps_accuracy,gps_timestamp,model,dtype,device,label,confidence,rank,bbox_xmin,bbox_ymin,bbox_xmax,bbox_ymax,bbox_norm_xmin,bbox_norm_ymin,bbox_norm_xmax,bbox_norm_ymax,frame_w,frame_h,inference_ms
1787759949206,39.99981942,-83.01158945,16.84593020702896,1787759945104,onnx-community/mobilenetv4_conv_small.e2400_r224_in1k,fp16,webgpu,"maze, labyrinth",0.077,1,,,,,,,,,480,640,69
1787759949206,39.99981942,-83.01158945,16.84593020702896,1787759945104,onnx-community/mobilenetv4_conv_small.e2400_r224_in1k,fp16,webgpu,"sundial",0.051,2,,,,,,,,,480,640,69
1787759949206,39.99981942,-83.01158945,16.84593020702896,1787759945104,onnx-community/mobilenetv4_conv_small.e2400_r224_in1k,fp16,webgpu,"park bench",0.043,3,,,,,,,,,480,640,69
1787759949994,39.99981942,-83.01158945,16.84593020702896,1787759945104,onnx-community/mobilenetv4_conv_small.e2400_r224_in1k,fp16,webgpu,"maze, labyrinth",0.119,1,,,,,,,,,480,640,74.99999999994179
1787759949994,39.99981942,-83.01158945,16.84593020702896,1787759945104,onnx-community/mobilenetv4_conv_small.e2400_r224_in1k,fp16,webgpu,"sundial",0.046,2,,,,,,,,,480,640,74.99999999994179
1787759949994,39.99981942,-83.01158945,16.84593020702896,1787759945104,onnx-community/mobilenetv4_conv_small.e2400_r224_in1k,fp16,webgpu,"park bench",0.044,3,,,,,,,,,480,640,74.99999999994179
1787759950752,39.99981942,-83.01158945,16.84593020702896,1787759945104,onnx-community/mobilenetv4_conv_small.e2400_r224_in1k,fp16,webgpu,"maze, labyrinth",0.064,1,,,,,,,,,480,640,53
1787759950752,39.99981942,-83.01158945,16.84593020702896,1787759945104,onnx-community/mobilenetv4_conv_small.e2400_r224_in1k,fp16,webgpu,"sundial",0.062,2,,,,,,,,,480,640,53
1787759950752,39.99981942,-83.01158945,16.84593020702896,1787759945104,onnx-community/mobilenetv4_conv_small.e2400_r224_in1k,fp16,webgpu,"unicycle, monocycle",0.046,3,,,,,,,,,480,640,53
1787759951530,39.99981292,-83.01159373,17.309851035008453,1787759948110,onnx-community/mobilenetv4_conv_small.e2400_r224_in1k,fp16,webgpu,"fountain",0.072,1,,,,,,,,,480,640,62.99999999994179
1787759951530,39.99981292,-83.01159373,17.309851035008453,1787759948110,onnx-community/mobilenetv4_conv_small.e2400_r224_in1k,fp16,webgpu,"park bench",0.045,2,,,,,,,,,480,640,62.99999999994179
1787759951530,39.99981292,-83.01159373,17.309851035008453,1787759948110,onnx-community/mobilenetv4_conv_small.e2400_r224_in1k,fp16,webgpu,"maze, labyrinth",0.044,3,,,,,,,,,480,640,62.99999999994179
1787759952312,39.99981292,-83.01159373,17.309851035008453,1787759948110,onnx-community/mobilenetv4_conv_small.e2400_r224_in1k,fp16,webgpu,"park bench",0.076,1,,,,,,,,,480,640,63
1787759952312,39.99981292,-83.01159373,17.309851035008453,1787759948110,onnx-community/mobilenetv4_conv_small.e2400_r224_in1k,fp16,webgpu,"maze, labyrinth",0.058,2,,,,,,,,,480,640,63
1787759952312,39.99981292,-83.01159373,17.309851035008453,1787759948110,onnx-community/mobilenetv4_conv_small.e2400_r224_in1k,fp16,webgpu,"unicycle, monocycle",0.049,3,,,,,,,,,480,640,63
1787759953076,39.99981292,-83.01159373,17.309851035008453,1787759948110,onnx-community/mobilenetv4_conv_small.e2400_r224_in1k,fp16,webgpu,"maze, labyrinth",0.096,1,,,,,,,,,480,640,60.99999999994179
1787759953076,39.99981292,-83.01159373,17.309851035008453,1787759948110,onnx-community/mobilenetv4_conv_small.e2400_r224_in1k,fp16,webgpu,"park bench",0.085,2,,,,,,,,,480,640,60.99999999994179
1787759953076,39.99981292,-83.01159373,17.309851035008453,1787759948110,onnx-community/mobilenetv4_conv_small.e2400_r224_in1k,fp16,webgpu,"lakeside, lakeshore",0.034,3,,,,,,,,,480,640,60.99999999994179
1787759953852,39.99981292,-83.01159373,17.309851035008453,1787759948110,onnx-community/mobilenetv4_conv_small.e2400_r224_in1k,fp16,webgpu,"maze, labyrinth",0.221,1,,,,,,,,,480,640,71
1787759953852,39.99981292,-83.01159373,17.309851035008453,1787759948110,onnx-community/mobilenetv4_conv_small.e2400_r224_in1k,fp16,webgpu,"lakeside, lakeshore",0.052,2,,,,,,,,,480,640,71
1787759953852,39.99981292,-83.01159373,17.309851035008453,1787759948110,onnx-community/mobilenetv4_conv_small.e2400_r224_in1k,fp16,webgpu,"park bench",0.049,3,,,,,,,,,480,640,71
1787759954635,39.99981168,-83.01159451,17.31166951040393,1787759951114,onnx-community/mobilenetv4_conv_small.e2400_r224_in1k,fp16,webgpu,"maze, labyrinth",0.107,1,,,,,,,,,480,640,71.99999999994179
1787759954635,39.99981168,-83.01159451,17.31166951040393,1787759951114,onnx-community/mobilenetv4_conv_small.e2400_r224_in1k,fp16,webgpu,"park bench",0.078,2,,,,,,,,,480,640,71.99999999994179
1787759954635,39.99981168,-83.01159451,17.31166951040393,1787759951114,onnx-community/mobilenetv4_conv_small.e2400_r224_in1k,fp16,webgpu,"unicycle, monocycle",0.058,3,,,,,,,,,480,640,71.99999999994179
1787759955421,39.99981168,-83.01159451,17.31166951040393,1787759951114,onnx-community/mobilenetv4_conv_small.e2400_r224_in1k,fp16,webgpu,"park bench",0.098,1,,,,,,,,,480,640,75
1787759955421,39.99981168,-83.01159451,17.31166951040393,1787759951114,onnx-community/mobilenetv4_conv_small.e2400_r224_in1k,fp16,webgpu,"lakeside, lakeshore",0.068,2,,,,,,,,,480,640,75
1787759955421,39.99981168,-83.01159451,17.31166951040393,1787759951114,onnx-community/mobilenetv4_conv_small.e2400_r224_in1k,fp16,webgpu,"golfcart, golf cart",0.062,3,,,,,,,,,480,640,75
1787759956198,39.99981168,-83.01159451,17.31166951040393,1787759951114,onnx-community/mobilenetv4_conv_small.e2400_r224_in1k,fp16,webgpu,"golfcart, golf cart",0.095,1,,,,,,,,,480,640,69.99999999994179
1787759956198,39.99981168,-83.01159451,17.31166951040393,1787759951114,onnx-community/mobilenetv4_conv_small.e2400_r224_in1k,fp16,webgpu,"lakeside, lakeshore",0.077,2,,,,,,,,,480,640,69.99999999994179
1787759956198,39.99981168,-83.01159451,17.31166951040393,1787759951114,onnx-community/mobilenetv4_conv_small.e2400_r224_in1k,fp16,webgpu,"park bench",0.060,3,,,,,,,,,480,640,69.99999999994179
1787759956988,39.99981168,-83.01159451,17.31166951040393,1787759951114,onnx-community/mobilenetv4_conv_small.e2400_r224_in1k,fp16,webgpu,"maze, labyrinth",0.096,1,,,,,,,,,480,640,77
1787759956988,39.99981168,-83.01159451,17.31166951040393,1787759951114,onnx-community/mobilenetv4_conv_small.e2400_r224_in1k,fp16,webgpu,"golfcart, golf cart",0.093,2,,,,,,,,,480,640,77
1787759956988,39.99981168,-83.01159451,17.31166951040393,1787759951114,onnx-community/mobilenetv4_conv_small.e2400_r224_in1k,fp16,webgpu,"patio, terrace",0.059,3,,,,,,,,,480,640,77
1787759957764,39.99980783,-83.01159703,15.485973202314137,1787759954117,onnx-community/mobilenetv4_conv_small.e2400_r224_in1k,fp16,webgpu,"maze, labyrinth",0.086,1,,,,,,,,,480,640,69.99999999994179
1787759957764,39.99980783,-83.01159703,15.485973202314137,1787759954117,onnx-community/mobilenetv4_conv_small.e2400_r224_in1k,fp16,webgpu,"crutch",0.085,2,,,,,,,,,480,640,69.99999999994179
1787759957764,39.99980783,-83.01159703,15.485973202314137,1787759954117,onnx-community/mobilenetv4_conv_small.e2400_r224_in1k,fp16,webgpu,"golfcart, golf cart",0.047,3,,,,,,,,,480,640,69.99999999994179
1787759958547,39.99980783,-83.01159703,15.485973202314137,1787759954117,onnx-community/mobilenetv4_conv_small.e2400_r224_in1k,fp16,webgpu,"unicycle, monocycle",0.070,1,,,,,,,,,480,640,72
1787759958547,39.99980783,-83.01159703,15.485973202314137,1787759954117,onnx-community/mobilenetv4_conv_small.e2400_r224_in1k,fp16,webgpu,"crutch",0.053,2,,,,,,,,,480,640,72
1787759958547,39.99980783,-83.01159703,15.485973202314137,1787759954117,onnx-community/mobilenetv4_conv_small.e2400_r224_in1k,fp16,webgpu,"park bench",0.047,3,,,,,,,,,480,640,72
1787759959324,39.99980783,-83.01159703,15.485973202314137,1787759954117,onnx-community/mobilenetv4_conv_small.e2400_r224_in1k,fp16,webgpu,"unicycle, monocycle",0.052,1,,,,,,,,,480,640,67
1787759959324,39.99980783,-83.01159703,15.485973202314137,1787759954117,onnx-community/mobilenetv4_conv_small.e2400_r224_in1k,fp16,webgpu,"crutch",0.049,2,,,,,,,,,480,640,67
1787759959324,39.99980783,-83.01159703,15.485973202314137,1787759954117,onnx-community/mobilenetv4_conv_small.e2400_r224_in1k,fp16,webgpu,"park bench",0.049,3,,,,,,,,,480,640,67
1787759960116,39.99980783,-83.01159703,15.485973202314137,1787759954117,onnx-community/mobilenetv4_conv_small.e2400_r224_in1k,fp16,webgpu,"crutch",0.240,1,,,,,,,,,480,640,76.00000000005821
1787759960116,39.99980783,-83.01159703,15.485973202314137,1787759954117,onnx-community/mobilenetv4_conv_small.e2400_r224_in1k,fp16,webgpu,"academic gown, academic robe, judge's robe",0.074,2,,,,,,,,,480,640,76.00000000005821
1787759960116,39.99980783,-83.01159703,15.485973202314137,1787759954117,onnx-community/mobilenetv4_conv_small.e2400_r224_in1k,fp16,webgpu,"lakeside, lakeshore",0.023,3,,,,,,,,,480,640,76.00000000005821
1787759960881,39.99980105,-83.01160145,17.24221352750192,1787759960064,onnx-community/mobilenetv4_conv_small.e2400_r224_in1k,fp16,webgpu,"crutch",0.102,1,,,,,,,,,480,640,59
1787759960881,39.99980105,-83.01160145,17.24221352750192,1787759960064,onnx-community/mobilenetv4_conv_small.e2400_r224_in1k,fp16,webgpu,"academic gown, academic robe, judge's robe",0.081,2,,,,,,,,,480,640,59
1787759960881,39.99980105,-83.01160145,17.24221352750192,1787759960064,onnx-community/mobilenetv4_conv_small.e2400_r224_in1k,fp16,webgpu,"croquet ball",0.065,3,,,,,,,,,480,640,59
1787759961641,39.99980105,-83.01160145,17.24221352750192,1787759960064,onnx-community/mobilenetv4_conv_small.e2400_r224_in1k,fp16,webgpu,"unicycle, monocycle",0.127,1,,,,,,,,,480,640,53
1787759961641,39.99980105,-83.01160145,17.24221352750192,1787759960064,onnx-community/mobilenetv4_conv_small.e2400_r224_in1k,fp16,webgpu,"bow",0.118,2,,,,,,,,,480,640,53
1787759961641,39.99980105,-83.01160145,17.24221352750192,1787759960064,onnx-community/mobilenetv4_conv_small.e2400_r224_in1k,fp16,webgpu,"crutch",0.046,3,,,,,,,,,480,640,53
1787759962410,39.99980105,-83.01160145,17.24221352750192,1787759960064,onnx-community/mobilenetv4_conv_small.e2400_r224_in1k,fp16,webgpu,"bow",0.034,1,,,,,,,,,480,640,48
1787759962410,39.99980105,-83.01160145,17.24221352750192,1787759960064,onnx-community/mobilenetv4_conv_small.e2400_r224_in1k,fp16,webgpu,"unicycle, monocycle",0.034,2,,,,,,,,,480,640,48
1787759962410,39.99980105,-83.01160145,17.24221352750192,1787759960064,onnx-community/mobilenetv4_conv_small.e2400_r224_in1k,fp16,webgpu,"soccer ball",0.026,3,,,,,,,,,480,640,48
1787759963174,39.99980221,-83.01160074,17.241251220161374,1787759960118,onnx-community/mobilenetv4_conv_small.e2400_r224_in1k,fp16,webgpu,"lakeside, lakeshore",0.048,1,,,,,,,,,480,640,55
1787759963174,39.99980221,-83.01160074,17.241251220161374,1787759960118,onnx-community/mobilenetv4_conv_small.e2400_r224_in1k,fp16,webgpu,"patio, terrace",0.030,2,,,,,,,,,480,640,55
1787759963174,39.99980221,-83.01160074,17.241251220161374,1787759960118,onnx-community/mobilenetv4_conv_small.e2400_r224_in1k,fp16,webgpu,"swing",0.028,3,,,,,,,,,480,640,55
1787759963941,39.99980221,-83.01160074,17.241251220161374,1787759960118,onnx-community/mobilenetv4_conv_small.e2400_r224_in1k,fp16,webgpu,"croquet ball",0.061,1,,,,,,,,,480,640,55
1787759963941,39.99980221,-83.01160074,17.241251220161374,1787759960118,onnx-community/mobilenetv4_conv_small.e2400_r224_in1k,fp16,webgpu,"soccer ball",0.051,2,,,,,,,,,480,640,55
1787759963941,39.99980221,-83.01160074,17.241251220161374,1787759960118,onnx-community/mobilenetv4_conv_small.e2400_r224_in1k,fp16,webgpu,"maze, labyrinth",0.037,3,,,,,,,,,480,640,55
1787759964705,39.99980221,-83.01160074,17.241251220161374,1787759960118,onnx-community/mobilenetv4_conv_small.e2400_r224_in1k,fp16,webgpu,"croquet ball",0.097,1,,,,,,,,,480,640,55.00000000005821
1787759964705,39.99980221,-83.01160074,17.241251220161374,1787759960118,onnx-community/mobilenetv4_conv_small.e2400_r224_in1k,fp16,webgpu,"unicycle, monocycle",0.075,2,,,,,,,,,480,640,55.00000000005821
1787759964705,39.99980221,-83.01160074,17.241251220161374,1787759960118,onnx-community/mobilenetv4_conv_small.e2400_r224_in1k,fp16,webgpu,"football helmet",0.044,3,,,,,,,,,480,640,55.00000000005821
1787759965476,39.99980221,-83.01160074,17.241251220161374,1787759960118,onnx-community/mobilenetv4_conv_small.e2400_r224_in1k,fp16,webgpu,"park bench",0.146,1,,,,,,,,,480,640,58
1787759965476,39.99980221,-83.01160074,17.241251220161374,1787759960118,onnx-community/mobilenetv4_conv_small.e2400_r224_in1k,fp16,webgpu,"obelisk",0.046,2,,,,,,,,,480,640,58
1787759965476,39.99980221,-83.01160074,17.241251220161374,1787759960118,onnx-community/mobilenetv4_conv_small.e2400_r224_in1k,fp16,webgpu,"goose",0.034,3,,,,,,,,,480,640,58
1787759966234,39.99979955,-83.01160246,17.05797399285612,1787759963135,onnx-community/mobilenetv4_conv_small.e2400_r224_in1k,fp16,webgpu,"park bench",0.067,1,,,,,,,,,480,640,51
1787759966234,39.99979955,-83.01160246,17.05797399285612,1787759963135,onnx-community/mobilenetv4_conv_small.e2400_r224_in1k,fp16,webgpu,"lakeside, lakeshore",0.063,2,,,,,,,,,480,640,51
1787759966234,39.99979955,-83.01160246,17.05797399285612,1787759963135,onnx-community/mobilenetv4_conv_small.e2400_r224_in1k,fp16,webgpu,"mobile home, manufactured home",0.062,3,,,,,,,,,480,640,51
1787759967006,39.99979955,-83.01160246,17.05797399285612,1787759963135,onnx-community/mobilenetv4_conv_small.e2400_r224_in1k,fp16,webgpu,"park bench",0.206,1,,,,,,,,,480,640,58
1787759967006,39.99979955,-83.01160246,17.05797399285612,1787759963135,onnx-community/mobilenetv4_conv_small.e2400_r224_in1k,fp16,webgpu,"lakeside, lakeshore",0.190,2,,,,,,,,,480,640,58
1787759967006,39.99979955,-83.01160246,17.05797399285612,1787759963135,onnx-community/mobilenetv4_conv_small.e2400_r224_in1k,fp16,webgpu,"maze, labyrinth",0.039,3,,,,,,,,,480,640,58
1787759967777,39.99979955,-83.01160246,17.05797399285612,1787759963135,onnx-community/mobilenetv4_conv_small.e2400_r224_in1k,fp16,webgpu,"park bench",0.384,1,,,,,,,,,480,640,63.00000000005821
1787759967777,39.99979955,-83.01160246,17.05797399285612,1787759963135,onnx-community/mobilenetv4_conv_small.e2400_r224_in1k,fp16,webgpu,"lakeside, lakeshore",0.226,2,,,,,,,,,480,640,63.00000000005821
1787759967777,39.99979955,-83.01160246,17.05797399285612,1787759963135,onnx-community/mobilenetv4_conv_small.e2400_r224_in1k,fp16,webgpu,"maze, labyrinth",0.033,3,,,,,,,,,480,640,63.00000000005821
1787759968557,39.99979955,-83.01160246,17.05797399285612,1787759963135,onnx-community/mobilenetv4_conv_small.e2400_r224_in1k,fp16,webgpu,"park bench",0.128,1,,,,,,,,,480,640,60.99999999994179
1787759968557,39.99979955,-83.01160246,17.05797399285612,1787759963135,onnx-community/mobilenetv4_conv_small.e2400_r224_in1k,fp16,webgpu,"lakeside, lakeshore",0.087,2,,,,,,,,,480,640,60.99999999994179
1787759968557,39.99979955,-83.01160246,17.05797399285612,1787759963135,onnx-community/mobilenetv4_conv_small.e2400_r224_in1k,fp16,webgpu,"maze, labyrinth",0.071,3,,,,,,,,,480,640,60.99999999994179
1787759969324,39.99979740,-83.01160383,17.347594593950703,1787759966135,onnx-community/mobilenetv4_conv_small.e2400_r224_in1k,fp16,webgpu,"park bench",0.169,1,,,,,,,,,480,640,62
1787759969324,39.99979740,-83.01160383,17.347594593950703,1787759966135,onnx-community/mobilenetv4_conv_small.e2400_r224_in1k,fp16,webgpu,"maze, labyrinth",0.043,2,,,,,,,,,480,640,62
1787759969324,39.99979740,-83.01160383,17.347594593950703,1787759966135,onnx-community/mobilenetv4_conv_small.e2400_r224_in1k,fp16,webgpu,"golfcart, golf cart",0.040,3,,,,,,,,,480,640,62
1787759970086,39.99979740,-83.01160383,17.347594593950703,1787759966135,onnx-community/mobilenetv4_conv_small.e2400_r224_in1k,fp16,webgpu,"maze, labyrinth",0.248,1,,,,,,,,,480,640,57.99999999994179
1787759970086,39.99979740,-83.01160383,17.347594593950703,1787759966135,onnx-community/mobilenetv4_conv_small.e2400_r224_in1k,fp16,webgpu,"park bench",0.182,2,,,,,,,,,480,640,57.99999999994179
1787759970086,39.99979740,-83.01160383,17.347594593950703,1787759966135,onnx-community/mobilenetv4_conv_small.e2400_r224_in1k,fp16,webgpu,"mailbox, letter box",0.039,3,,,,,,,,,480,640,57.99999999994179
1787759970853,39.99979740,-83.01160383,17.347594593950703,1787759966135,onnx-community/mobilenetv4_conv_small.e2400_r224_in1k,fp16,webgpu,"unicycle, monocycle",0.195,1,,,,,,,,,480,640,54
1787759970853,39.99979740,-83.01160383,17.347594593950703,1787759966135,onnx-community/mobilenetv4_conv_small.e2400_r224_in1k,fp16,webgpu,"maze, labyrinth",0.159,2,,,,,,,,,480,640,54
1787759970853,39.99979740,-83.01160383,17.347594593950703,1787759966135,onnx-community/mobilenetv4_conv_small.e2400_r224_in1k,fp16,webgpu,"croquet ball",0.068,3,,,,,,,,,480,640,54
1787759971616,39.99979740,-83.01160383,17.347594593950703,1787759966135,onnx-community/mobilenetv4_conv_small.e2400_r224_in1k,fp16,webgpu,"maze, labyrinth",0.288,1,,,,,,,,,480,640,56
1787759971616,39.99979740,-83.01160383,17.347594593950703,1787759966135,onnx-community/mobilenetv4_conv_small.e2400_r224_in1k,fp16,webgpu,"swing",0.130,2,,,,,,,,,480,640,56
1787759971616,39.99979740,-83.01160383,17.347594593950703,1787759966135,onnx-community/mobilenetv4_conv_small.e2400_r224_in1k,fp16,webgpu,"patio, terrace",0.032,3,,,,,,,,,480,640,56
1787759972380,39.99979168,-83.01159817,15.854861471947183,1787759969137,onnx-community/mobilenetv4_conv_small.e2400_r224_in1k,fp16,webgpu,"maze, labyrinth",0.735,1,,,,,,,,,480,640,54.99999999994179
1787759972380,39.99979168,-83.01159817,15.854861471947183,1787759969137,onnx-community/mobilenetv4_conv_small.e2400_r224_in1k,fp16,webgpu,"park bench",0.012,2,,,,,,,,,480,640,54.99999999994179
1787759972380,39.99979168,-83.01159817,15.854861471947183,1787759969137,onnx-community/mobilenetv4_conv_small.e2400_r224_in1k,fp16,webgpu,"ballplayer, baseball player",0.012,3,,,,,,,,,480,640,54.99999999994179
1787759973143,39.99979168,-83.01159817,15.854861471947183,1787759969137,onnx-community/mobilenetv4_conv_small.e2400_r224_in1k,fp16,webgpu,"maze, labyrinth",0.274,1,,,,,,,,,480,640,52
1787759973143,39.99979168,-83.01159817,15.854861471947183,1787759969137,onnx-community/mobilenetv4_conv_small.e2400_r224_in1k,fp16,webgpu,"patio, terrace",0.059,2,,,,,,,,,480,640,52
1787759973143,39.99979168,-83.01159817,15.854861471947183,1787759969137,onnx-community/mobilenetv4_conv_small.e2400_r224_in1k,fp16,webgpu,"obelisk",0.039,3,,,,,,,,,480,640,52
1787759973919,39.99979168,-83.01159817,15.854861471947183,1787759969137,onnx-community/mobilenetv4_conv_small.e2400_r224_in1k,fp16,webgpu,"swing",0.260,1,,,,,,,,,480,640,63.00000000005821
1787759973919,39.99979168,-83.01159817,15.854861471947183,1787759969137,onnx-community/mobilenetv4_conv_small.e2400_r224_in1k,fp16,webgpu,"maze, labyrinth",0.112,2,,,,,,,,,480,640,63.00000000005821
1787759973919,39.99979168,-83.01159817,15.854861471947183,1787759969137,onnx-community/mobilenetv4_conv_small.e2400_r224_in1k,fp16,webgpu,"patio, terrace",0.055,3,,,,,,,,,480,640,63.00000000005821
1787759974694,39.99979168,-83.01159817,15.854861471947183,1787759969137,onnx-community/mobilenetv4_conv_small.e2400_r224_in1k,fp16,webgpu,"maze, labyrinth",0.130,1,,,,,,,,,480,640,54.00000000005821
1787759974694,39.99979168,-83.01159817,15.854861471947183,1787759969137,onnx-community/mobilenetv4_conv_small.e2400_r224_in1k,fp16,webgpu,"patio, terrace",0.076,2,,,,,,,,,480,640,54.00000000005821
1787759974694,39.99979168,-83.01159817,15.854861471947183,1787759969137,onnx-community/mobilenetv4_conv_small.e2400_r224_in1k,fp16,webgpu,"park bench",0.062,3,,,,,,,,,480,640,54.00000000005821
1787759975458,39.99978665,-83.01159192,14.979324444607856,1787759972153,onnx-community/mobilenetv4_conv_small.e2400_r224_in1k,fp16,webgpu,"maze, labyrinth",0.133,1,,,,,,,,,480,640,52
1787759975458,39.99978665,-83.01159192,14.979324444607856,1787759972153,onnx-community/mobilenetv4_conv_small.e2400_r224_in1k,fp16,webgpu,"flagpole, flagstaff",0.127,2,,,,,,,,,480,640,52
1787759975458,39.99978665,-83.01159192,14.979324444607856,1787759972153,onnx-community/mobilenetv4_conv_small.e2400_r224_in1k,fp16,webgpu,"patio, terrace",0.049,3,,,,,,,,,480,640,52
1787759976239,39.99978665,-83.01159192,14.979324444607856,1787759972153,onnx-community/mobilenetv4_conv_small.e2400_r224_in1k,fp16,webgpu,"safety pin",0.109,1,,,,,,,,,480,640,69
1787759976239,39.99978665,-83.01159192,14.979324444607856,1787759972153,onnx-community/mobilenetv4_conv_small.e2400_r224_in1k,fp16,webgpu,"swing",0.103,2,,,,,,,,,480,640,69
1787759976239,39.99978665,-83.01159192,14.979324444607856,1787759972153,onnx-community/mobilenetv4_conv_small.e2400_r224_in1k,fp16,webgpu,"flagpole, flagstaff",0.061,3,,,,,,,,,480,640,69
1787759977031,39.99978665,-83.01159192,14.979324444607856,1787759972153,onnx-community/mobilenetv4_conv_small.e2400_r224_in1k,fp16,webgpu,"sundial",0.311,1,,,,,,,,,480,640,80
1787759977031,39.99978665,-83.01159192,14.979324444607856,1787759972153,onnx-community/mobilenetv4_conv_small.e2400_r224_in1k,fp16,webgpu,"park bench",0.075,2,,,,,,,,,480,640,80
1787759977031,39.99978665,-83.01159192,14.979324444607856,1787759972153,onnx-community/mobilenetv4_conv_small.e2400_r224_in1k,fp16,webgpu,"golfcart, golf cart",0.073,3,,,,,,,,,480,640,80
1787759977802,39.99978665,-83.01159192,14.979324444607856,1787759972153,onnx-community/mobilenetv4_conv_small.e2400_r224_in1k,fp16,webgpu,"swing",0.147,1,,,,,,,,,480,640,67
1787759977802,39.99978665,-83.01159192,14.979324444607856,1787759972153,onnx-community/mobilenetv4_conv_small.e2400_r224_in1k,fp16,webgpu,"sundial",0.077,2,,,,,,,,,480,640,67
1787759977802,39.99978665,-83.01159192,14.979324444607856,1787759972153,onnx-community/mobilenetv4_conv_small.e2400_r224_in1k,fp16,webgpu,"safety pin",0.038,3,,,,,,,,,480,640,67
1787759978587,39.99969354,-83.01151266,15.007957525218709,1787759977020,onnx-community/mobilenetv4_conv_small.e2400_r224_in1k,fp16,webgpu,"sundial",0.420,1,,,,,,,,,480,640,70.00000000005821
1787759978587,39.99969354,-83.01151266,15.007957525218709,1787759977020,onnx-community/mobilenetv4_conv_small.e2400_r224_in1k,fp16,webgpu,"rifle",0.038,2,,,,,,,,,480,640,70.00000000005821
1787759978587,39.99969354,-83.01151266,15.007957525218709,1787759977020,onnx-community/mobilenetv4_conv_small.e2400_r224_in1k,fp16,webgpu,"unicycle, monocycle",0.033,3,,,,,,,,,480,640,70.00000000005821
1787759979370,39.99969354,-83.01151266,15.007957525218709,1787759977020,onnx-community/mobilenetv4_conv_small.e2400_r224_in1k,fp16,webgpu,"sundial",0.508,1,,,,,,,,,480,640,69
1787759979370,39.99969354,-83.01151266,15.007957525218709,1787759977020,onnx-community/mobilenetv4_conv_small.e2400_r224_in1k,fp16,webgpu,"pole",0.028,2,,,,,,,,,480,640,69
1787759979370,39.99969354,-83.01151266,15.007957525218709,1787759977020,onnx-community/mobilenetv4_conv_small.e2400_r224_in1k,fp16,webgpu,"unicycle, monocycle",0.026,3,,,,,,,,,480,640,69
1787759980157,39.99969354,-83.01151266,15.007957525218709,1787759977020,onnx-community/mobilenetv4_conv_small.e2400_r224_in1k,fp16,webgpu,"sundial",0.185,1,,,,,,,,,480,640,74
1787759980157,39.99969354,-83.01151266,15.007957525218709,1787759977020,onnx-community/mobilenetv4_conv_small.e2400_r224_in1k,fp16,webgpu,"unicycle, monocycle",0.096,2,,,,,,,,,480,640,74
1787759980157,39.99969354,-83.01151266,15.007957525218709,1787759977020,onnx-community/mobilenetv4_conv_small.e2400_r224_in1k,fp16,webgpu,"pole",0.045,3,,,,,,,,,480,640,74
1787759980938,39.99969354,-83.01151266,15.007957525218709,1787759977020,onnx-community/mobilenetv4_conv_small.e2400_r224_in1k,fp16,webgpu,"pedestal, plinth, footstall",0.059,1,,,,,,,,,480,640,73
1787759980938,39.99969354,-83.01151266,15.007957525218709,1787759977020,onnx-community/mobilenetv4_conv_small.e2400_r224_in1k,fp16,webgpu,"sundial",0.057,2,,,,,,,,,480,640,73
1787759980938,39.99969354,-83.01151266,15.007957525218709,1787759977020,onnx-community/mobilenetv4_conv_small.e2400_r224_in1k,fp16,webgpu,"obelisk",0.046,3,,,,,,,,,480,640,73
1787759981716,39.99962628,-83.01145546,19.63441409306225,1787759979292,onnx-community/mobilenetv4_conv_small.e2400_r224_in1k,fp16,webgpu,"pole",0.092,1,,,,,,,,,480,640,69
1787759981716,39.99962628,-83.01145546,19.63441409306225,1787759979292,onnx-community/mobilenetv4_conv_small.e2400_r224_in1k,fp16,webgpu,"sundial",0.060,2,,,,,,,,,480,640,69
1787759981716,39.99962628,-83.01145546,19.63441409306225,1787759979292,onnx-community/mobilenetv4_conv_small.e2400_r224_in1k,fp16,webgpu,"plunger, plumber's helper",0.047,3,,,,,,,,,480,640,69
1787759982498,39.99962628,-83.01145546,19.63441409306225,1787759979292,onnx-community/mobilenetv4_conv_small.e2400_r224_in1k,fp16,webgpu,"worm fence, snake fence, snake-rail fence, Virginia fence",0.036,1,,,,,,,,,480,640,69
1787759982498,39.99962628,-83.01145546,19.63441409306225,1787759979292,onnx-community/mobilenetv4_conv_small.e2400_r224_in1k,fp16,webgpu,"sundial",0.027,2,,,,,,,,,480,640,69
1787759982498,39.99962628,-83.01145546,19.63441409306225,1787759979292,onnx-community/mobilenetv4_conv_small.e2400_r224_in1k,fp16,webgpu,"stone wall",0.016,3,,,,,,,,,480,640,69
1787759983291,39.99962628,-83.01145546,19.63441409306225,1787759979292,onnx-community/mobilenetv4_conv_small.e2400_r224_in1k,fp16,webgpu,"worm fence, snake fence, snake-rail fence, Virginia fence",0.038,1,,,,,,,,,480,640,80
1787759983291,39.99962628,-83.01145546,19.63441409306225,1787759979292,onnx-community/mobilenetv4_conv_small.e2400_r224_in1k,fp16,webgpu,"sandbar, sand bar",0.020,2,,,,,,,,,480,640,80
1787759983291,39.99962628,-83.01145546,19.63441409306225,1787759979292,onnx-community/mobilenetv4_conv_small.e2400_r224_in1k,fp16,webgpu,"rapeseed",0.017,3,,,,,,,,,480,640,80
1787759984074,39.99962628,-83.01145546,19.63441409306225,1787759979292,onnx-community/mobilenetv4_conv_small.e2400_r224_in1k,fp16,webgpu,"thatch, thatched roof",0.039,1,,,,,,,,,480,640,64.00000000005821
1787759984074,39.99962628,-83.01145546,19.63441409306225,1787759979292,onnx-community/mobilenetv4_conv_small.e2400_r224_in1k,fp16,webgpu,"sandbar, sand bar",0.031,2,,,,,,,,,480,640,64.00000000005821
1787759984074,39.99962628,-83.01145546,19.63441409306225,1787759979292,onnx-community/mobilenetv4_conv_small.e2400_r224_in1k,fp16,webgpu,"rapeseed",0.030,3,,,,,,,,,480,640,64.00000000005821
1787759984858,39.99962479,-83.01144706,18.46872121428257,1787759981152,onnx-community/mobilenetv4_conv_small.e2400_r224_in1k,fp16,webgpu,"sandbar, sand bar",0.050,1,,,,,,,,,480,640,64.99999999994179
1787759984858,39.99962479,-83.01144706,18.46872121428257,1787759981152,onnx-community/mobilenetv4_conv_small.e2400_r224_in1k,fp16,webgpu,"lakeside, lakeshore",0.041,2,,,,,,,,,480,640,64.99999999994179
1787759984858,39.99962479,-83.01144706,18.46872121428257,1787759981152,onnx-community/mobilenetv4_conv_small.e2400_r224_in1k,fp16,webgpu,"rapeseed",0.027,3,,,,,,,,,480,640,64.99999999994179
1787759985638,39.99962479,-83.01144706,18.46872121428257,1787759981152,onnx-community/mobilenetv4_conv_small.e2400_r224_in1k,fp16,webgpu,"thatch, thatched roof",0.027,1,,,,,,,,,480,640,62.99999999994179
1787759985638,39.99962479,-83.01144706,18.46872121428257,1787759981152,onnx-community/mobilenetv4_conv_small.e2400_r224_in1k,fp16,webgpu,"sandbar, sand bar",0.026,2,,,,,,,,,480,640,62.99999999994179
1787759985638,39.99962479,-83.01144706,18.46872121428257,1787759981152,onnx-community/mobilenetv4_conv_small.e2400_r224_in1k,fp16,webgpu,"rapeseed",0.021,3,,,,,,,,,480,640,62.99999999994179
1787759986425,39.99962479,-83.01144706,18.46872121428257,1787759981152,onnx-community/mobilenetv4_conv_small.e2400_r224_in1k,fp16,webgpu,"sandbar, sand bar",0.055,1,,,,,,,,,480,640,68.00000000011642
1787759986425,39.99962479,-83.01144706,18.46872121428257,1787759981152,onnx-community/mobilenetv4_conv_small.e2400_r224_in1k,fp16,webgpu,"rapeseed",0.033,2,,,,,,,,,480,640,68.00000000011642
1787759986425,39.99962479,-83.01144706,18.46872121428257,1787759981152,onnx-community/mobilenetv4_conv_small.e2400_r224_in1k,fp16,webgpu,"tractor",0.023,3,,,,,,,,,480,640,68.00000000011642
1787759987192,39.99962102,-83.01143890,16.66606954190518,1787759984152,onnx-community/mobilenetv4_conv_small.e2400_r224_in1k,fp16,webgpu,"sandbar, sand bar",0.031,1,,,,,,,,,480,640,52
1787759987192,39.99962102,-83.01143890,16.66606954190518,1787759984152,onnx-community/mobilenetv4_conv_small.e2400_r224_in1k,fp16,webgpu,"rapeseed",0.024,2,,,,,,,,,480,640,52
1787759987192,39.99962102,-83.01143890,16.66606954190518,1787759984152,onnx-community/mobilenetv4_conv_small.e2400_r224_in1k,fp16,webgpu,"thatch, thatched roof",0.016,3,,,,,,,,,480,640,52
1787759987976,39.99962102,-83.01143890,16.66606954190518,1787759984152,onnx-community/mobilenetv4_conv_small.e2400_r224_in1k,fp16,webgpu,"rapeseed",0.032,1,,,,,,,,,480,640,71.00000000005821
1787759987976,39.99962102,-83.01143890,16.66606954190518,1787759984152,onnx-community/mobilenetv4_conv_small.e2400_r224_in1k,fp16,webgpu,"sandbar, sand bar",0.029,2,,,,,,,,,480,640,71.00000000005821
1787759987976,39.99962102,-83.01143890,16.66606954190518,1787759984152,onnx-community/mobilenetv4_conv_small.e2400_r224_in1k,fp16,webgpu,"picket fence, paling",0.021,3,,,,,,,,,480,640,71.00000000005821
1787759988761,39.99962102,-83.01143890,16.66606954190518,1787759984152,onnx-community/mobilenetv4_conv_small.e2400_r224_in1k,fp16,webgpu,"sandbar, sand bar",0.035,1,,,,,,,,,480,640,73.99999999994179
1787759988761,39.99962102,-83.01143890,16.66606954190518,1787759984152,onnx-community/mobilenetv4_conv_small.e2400_r224_in1k,fp16,webgpu,"maze, labyrinth",0.020,2,,,,,,,,,480,640,73.99999999994179
1787759988761,39.99962102,-83.01143890,16.66606954190518,1787759984152,onnx-community/mobilenetv4_conv_small.e2400_r224_in1k,fp16,webgpu,"picket fence, paling",0.020,3,,,,,,,,,480,640,73.99999999994179
1787759989538,39.99962102,-83.01143890,16.66606954190518,1787759984152,onnx-community/mobilenetv4_conv_small.e2400_r224_in1k,fp16,webgpu,"worm fence, snake fence, snake-rail fence, Virginia fence",0.026,1,,,,,,,,,480,640,68.99999999994179
1787759989538,39.99962102,-83.01143890,16.66606954190518,1787759984152,onnx-community/mobilenetv4_conv_small.e2400_r224_in1k,fp16,webgpu,"thatch, thatched roof",0.025,2,,,,,,,,,480,640,68.99999999994179
1787759989538,39.99962102,-83.01143890,16.66606954190518,1787759984152,onnx-community/mobilenetv4_conv_small.e2400_r224_in1k,fp16,webgpu,"picket fence, paling",0.022,3,,,,,,,,,480,640,68.99999999994179
1787759990315,39.99961662,-83.01143049,15.385144217207959,1787759987190,onnx-community/mobilenetv4_conv_small.e2400_r224_in1k,fp16,webgpu,"worm fence, snake fence, snake-rail fence, Virginia fence",0.045,1,,,,,,,,,480,640,64.00000000011642
1787759990315,39.99961662,-83.01143049,15.385144217207959,1787759987190,onnx-community/mobilenetv4_conv_small.e2400_r224_in1k,fp16,webgpu,"sundial",0.027,2,,,,,,,,,480,640,64.00000000011642
1787759990315,39.99961662,-83.01143049,15.385144217207959,1787759987190,onnx-community/mobilenetv4_conv_small.e2400_r224_in1k,fp16,webgpu,"lakeside, lakeshore",0.026,3,,,,,,,,,480,640,64.00000000011642
1787759991104,39.99961662,-83.01143049,15.385144217207959,1787759987190,onnx-community/mobilenetv4_conv_small.e2400_r224_in1k,fp16,webgpu,"sandbar, sand bar",0.040,1,,,,,,,,,480,640,70.00000000005821
1787759991104,39.99961662,-83.01143049,15.385144217207959,1787759987190,onnx-community/mobilenetv4_conv_small.e2400_r224_in1k,fp16,webgpu,"lakeside, lakeshore",0.028,2,,,,,,,,,480,640,70.00000000005821
1787759991104,39.99961662,-83.01143049,15.385144217207959,1787759987190,onnx-community/mobilenetv4_conv_small.e2400_r224_in1k,fp16,webgpu,"sundial",0.026,3,,,,,,,,,480,640,70.00000000005821
1787759991891,39.99961662,-83.01143049,15.385144217207959,1787759987190,onnx-community/mobilenetv4_conv_small.e2400_r224_in1k,fp16,webgpu,"worm fence, snake fence, snake-rail fence, Virginia fence",0.042,1,,,,,,,,,480,640,74.99999999994179
1787759991891,39.99961662,-83.01143049,15.385144217207959,1787759987190,onnx-community/mobilenetv4_conv_small.e2400_r224_in1k,fp16,webgpu,"stone wall",0.037,2,,,,,,,,,480,640,74.99999999994179
1787759991891,39.99961662,-83.01143049,15.385144217207959,1787759987190,onnx-community/mobilenetv4_conv_small.e2400_r224_in1k,fp16,webgpu,"sandbar, sand bar",0.024,3,,,,,,,,,480,640,74.99999999994179
1787759992669,39.99961662,-83.01143049,15.385144217207959,1787759987190,onnx-community/mobilenetv4_conv_small.e2400_r224_in1k,fp16,webgpu,"stone wall",0.036,1,,,,,,,,,480,640,69.99999999994179
1787759992669,39.99961662,-83.01143049,15.385144217207959,1787759987190,onnx-community/mobilenetv4_conv_small.e2400_r224_in1k,fp16,webgpu,"worm fence, snake fence, snake-rail fence, Virginia fence",0.027,2,,,,,,,,,480,640,69.99999999994179
1787759992669,39.99961662,-83.01143049,15.385144217207959,1787759987190,onnx-community/mobilenetv4_conv_small.e2400_r224_in1k,fp16,webgpu,"sandbar, sand bar",0.027,3,,,,,,,,,480,640,69.99999999994179
1787759993451,39.99961219,-83.01142391,14.655056205147586,1787759990203,onnx-community/mobilenetv4_conv_small.e2400_r224_in1k,fp16,webgpu,"worm fence, snake fence, snake-rail fence, Virginia fence",0.093,1,,,,,,,,,480,640,70.00000000005821
1787759993451,39.99961219,-83.01142391,14.655056205147586,1787759990203,onnx-community/mobilenetv4_conv_small.e2400_r224_in1k,fp16,webgpu,"maze, labyrinth",0.038,2,,,,,,,,,480,640,70.00000000005821
1787759993451,39.99961219,-83.01142391,14.655056205147586,1787759990203,onnx-community/mobilenetv4_conv_small.e2400_r224_in1k,fp16,webgpu,"park bench",0.029,3,,,,,,,,,480,640,70.00000000005821
1787759994235,39.99961219,-83.01142391,14.655056205147586,1787759990203,onnx-community/mobilenetv4_conv_small.e2400_r224_in1k,fp16,webgpu,"maze, labyrinth",0.054,1,,,,,,,,,480,640,72
1787759994235,39.99961219,-83.01142391,14.655056205147586,1787759990203,onnx-community/mobilenetv4_conv_small.e2400_r224_in1k,fp16,webgpu,"lakeside, lakeshore",0.036,2,,,,,,,,,480,640,72
1787759994235,39.99961219,-83.01142391,14.655056205147586,1787759990203,onnx-community/mobilenetv4_conv_small.e2400_r224_in1k,fp16,webgpu,"stone wall",0.033,3,,,,,,,,,480,640,72
1787759995017,39.99961219,-83.01142391,14.655056205147586,1787759990203,onnx-community/mobilenetv4_conv_small.e2400_r224_in1k,fp16,webgpu,"park bench",0.064,1,,,,,,,,,480,640,72
1787759995017,39.99961219,-83.01142391,14.655056205147586,1787759990203,onnx-community/mobilenetv4_conv_small.e2400_r224_in1k,fp16,webgpu,"unicycle, monocycle",0.050,2,,,,,,,,,480,640,72
1787759995017,39.99961219,-83.01142391,14.655056205147586,1787759990203,onnx-community/mobilenetv4_conv_small.e2400_r224_in1k,fp16,webgpu,"maze, labyrinth",0.049,3,,,,,,,,,480,640,72
1787759995799,39.99961219,-83.01142391,14.655056205147586,1787759990203,onnx-community/mobilenetv4_conv_small.e2400_r224_in1k,fp16,webgpu,"lakeside, lakeshore",0.061,1,,,,,,,,,480,640,70.99999999994179
1787759995799,39.99961219,-83.01142391,14.655056205147586,1787759990203,onnx-community/mobilenetv4_conv_small.e2400_r224_in1k,fp16,webgpu,"unicycle, monocycle",0.038,2,,,,,,,,,480,640,70.99999999994179
1787759995799,39.99961219,-83.01142391,14.655056205147586,1787759990203,onnx-community/mobilenetv4_conv_small.e2400_r224_in1k,fp16,webgpu,"worm fence, snake fence, snake-rail fence, Virginia fence",0.036,3,,,,,,,,,480,640,70.99999999994179
1787759996579,39.99960962,-83.01141860,14.871175976427537,1787759993205,onnx-community/mobilenetv4_conv_small.e2400_r224_in1k,fp16,webgpu,"worm fence, snake fence, snake-rail fence, Virginia fence",0.078,1,,,,,,,,,480,640,69
1787759996579,39.99960962,-83.01141860,14.871175976427537,1787759993205,onnx-community/mobilenetv4_conv_small.e2400_r224_in1k,fp16,webgpu,"lakeside, lakeshore",0.072,2,,,,,,,,,480,640,69
1787759996579,39.99960962,-83.01141860,14.871175976427537,1787759993205,onnx-community/mobilenetv4_conv_small.e2400_r224_in1k,fp16,webgpu,"park bench",0.060,3,,,,,,,,,480,640,69
1787759997366,39.99960962,-83.01141860,14.871175976427537,1787759993205,onnx-community/mobilenetv4_conv_small.e2400_r224_in1k,fp16,webgpu,"lakeside, lakeshore",0.065,1,,,,,,,,,480,640,75
1787759997366,39.99960962,-83.01141860,14.871175976427537,1787759993205,onnx-community/mobilenetv4_conv_small.e2400_r224_in1k,fp16,webgpu,"park bench",0.063,2,,,,,,,,,480,640,75
1787759997366,39.99960962,-83.01141860,14.871175976427537,1787759993205,onnx-community/mobilenetv4_conv_small.e2400_r224_in1k,fp16,webgpu,"worm fence, snake fence, snake-rail fence, Virginia fence",0.035,3,,,,,,,,,480,640,75
1787759998149,39.99960962,-83.01141860,14.871175976427537,1787759993205,onnx-community/mobilenetv4_conv_small.e2400_r224_in1k,fp16,webgpu,"park bench",0.064,1,,,,,,,,,480,640,74
1787759998149,39.99960962,-83.01141860,14.871175976427537,1787759993205,onnx-community/mobilenetv4_conv_small.e2400_r224_in1k,fp16,webgpu,"unicycle, monocycle",0.062,2,,,,,,,,,480,640,74
1787759998149,39.99960962,-83.01141860,14.871175976427537,1787759993205,onnx-community/mobilenetv4_conv_small.e2400_r224_in1k,fp16,webgpu,"goose",0.047,3,,,,,,,,,480,640,74
1787759998926,39.99960962,-83.01141860,14.871175976427537,1787759993205,onnx-community/mobilenetv4_conv_small.e2400_r224_in1k,fp16,webgpu,"unicycle, monocycle",0.219,1,,,,,,,,,480,640,69
1787759998926,39.99960962,-83.01141860,14.871175976427537,1787759993205,onnx-community/mobilenetv4_conv_small.e2400_r224_in1k,fp16,webgpu,"golfcart, golf cart",0.099,2,,,,,,,,,480,640,69
1787759998926,39.99960962,-83.01141860,14.871175976427537,1787759993205,onnx-community/mobilenetv4_conv_small.e2400_r224_in1k,fp16,webgpu,"bicycle-built-for-two, tandem bicycle, tandem",0.050,3,,,,,,,,,480,640,69
1787759999708,39.99960554,-83.01141176,14.438124286518066,1787759996208,onnx-community/mobilenetv4_conv_small.e2400_r224_in1k,fp16,webgpu,"horse cart, horse-cart",0.134,1,,,,,,,,,480,640,68
1787759999708,39.99960554,-83.01141176,14.438124286518066,1787759996208,onnx-community/mobilenetv4_conv_small.e2400_r224_in1k,fp16,webgpu,"Siberian husky",0.117,2,,,,,,,,,480,640,68
1787759999708,39.99960554,-83.01141176,14.438124286518066,1787759996208,onnx-community/mobilenetv4_conv_small.e2400_r224_in1k,fp16,webgpu,"golfcart, golf cart",0.063,3,,,,,,,,,480,640,68
1787760000493,39.99960554,-83.01141176,14.438124286518066,1787759996208,onnx-community/mobilenetv4_conv_small.e2400_r224_in1k,fp16,webgpu,"unicycle, monocycle",0.189,1,,,,,,,,,480,640,71
1787760000493,39.99960554,-83.01141176,14.438124286518066,1787759996208,onnx-community/mobilenetv4_conv_small.e2400_r224_in1k,fp16,webgpu,"golfcart, golf cart",0.069,2,,,,,,,,,480,640,71
1787760000493,39.99960554,-83.01141176,14.438124286518066,1787759996208,onnx-community/mobilenetv4_conv_small.e2400_r224_in1k,fp16,webgpu,"horse cart, horse-cart",0.052,3,,,,,,,,,480,640,71
1787760001277,39.99960554,-83.01141176,14.438124286518066,1787759996208,onnx-community/mobilenetv4_conv_small.e2400_r224_in1k,fp16,webgpu,"worm fence, snake fence, snake-rail fence, Virginia fence",0.152,1,,,,,,,,,480,640,73
1787760001277,39.99960554,-83.01141176,14.438124286518066,1787759996208,onnx-community/mobilenetv4_conv_small.e2400_r224_in1k,fp16,webgpu,"unicycle, monocycle",0.079,2,,,,,,,,,480,640,73
1787760001277,39.99960554,-83.01141176,14.438124286518066,1787759996208,onnx-community/mobilenetv4_conv_small.e2400_r224_in1k,fp16,webgpu,"park bench",0.062,3,,,,,,,,,480,640,73
1787760002048,39.99960554,-83.01141176,14.438124286518066,1787759996208,onnx-community/mobilenetv4_conv_small.e2400_r224_in1k,fp16,webgpu,"unicycle, monocycle",0.076,1,,,,,,,,,480,640,62
1787760002048,39.99960554,-83.01141176,14.438124286518066,1787759996208,onnx-community/mobilenetv4_conv_small.e2400_r224_in1k,fp16,webgpu,"worm fence, snake fence, snake-rail fence, Virginia fence",0.056,2,,,,,,,,,480,640,62
1787760002048,39.99960554,-83.01141176,14.438124286518066,1787759996208,onnx-community/mobilenetv4_conv_small.e2400_r224_in1k,fp16,webgpu,"sundial",0.054,3,,,,,,,,,480,640,62
1787760002822,39.99960028,-83.01140522,14.676377491685141,1787759999212,onnx-community/mobilenetv4_conv_small.e2400_r224_in1k,fp16,webgpu,"sundial",0.062,1,,,,,,,,,480,640,69.99999999988358
1787760002822,39.99960028,-83.01140522,14.676377491685141,1787759999212,onnx-community/mobilenetv4_conv_small.e2400_r224_in1k,fp16,webgpu,"unicycle, monocycle",0.033,2,,,,,,,,,480,640,69.99999999988358
1787760002822,39.99960028,-83.01140522,14.676377491685141,1787759999212,onnx-community/mobilenetv4_conv_small.e2400_r224_in1k,fp16,webgpu,"patio, terrace",0.028,3,,,,,,,,,480,640,69.99999999988358
1787760003607,39.99960028,-83.01140522,14.676377491685141,1787759999212,onnx-community/mobilenetv4_conv_small.e2400_r224_in1k,fp16,webgpu,"sundial",0.145,1,,,,,,,,,480,640,73
1787760003607,39.99960028,-83.01140522,14.676377491685141,1787759999212,onnx-community/mobilenetv4_conv_small.e2400_r224_in1k,fp16,webgpu,"maze, labyrinth",0.068,2,,,,,,,,,480,640,73
1787760003607,39.99960028,-83.01140522,14.676377491685141,1787759999212,onnx-community/mobilenetv4_conv_small.e2400_r224_in1k,fp16,webgpu,"patio, terrace",0.044,3,,,,,,,,,480,640,73
1787760004385,39.99960028,-83.01140522,14.676377491685141,1787759999212,onnx-community/mobilenetv4_conv_small.e2400_r224_in1k,fp16,webgpu,"sundial",0.283,1,,,,,,,,,480,640,69
1787760004385,39.99960028,-83.01140522,14.676377491685141,1787759999212,onnx-community/mobilenetv4_conv_small.e2400_r224_in1k,fp16,webgpu,"tile roof",0.059,2,,,,,,,,,480,640,69
1787760004385,39.99960028,-83.01140522,14.676377491685141,1787759999212,onnx-community/mobilenetv4_conv_small.e2400_r224_in1k,fp16,webgpu,"maze, labyrinth",0.047,3,,,,,,,,,480,640,69
1787760005168,39.99960028,-83.01140522,14.676377491685141,1787759999212,onnx-community/mobilenetv4_conv_small.e2400_r224_in1k,fp16,webgpu,"tile roof",0.567,1,,,,,,,,,480,640,69
1787760005168,39.99960028,-83.01140522,14.676377491685141,1787759999212,onnx-community/mobilenetv4_conv_small.e2400_r224_in1k,fp16,webgpu,"sundial",0.170,2,,,,,,,,,480,640,69
1787760005168,39.99960028,-83.01140522,14.676377491685141,1787759999212,onnx-community/mobilenetv4_conv_small.e2400_r224_in1k,fp16,webgpu,"bell cote, bell cot",0.021,3,,,,,,,,,480,640,69
1787760005950,39.99959427,-83.01139693,14.368747516330258,1787760002216,onnx-community/mobilenetv4_conv_small.e2400_r224_in1k,fp16,webgpu,"sundial",0.404,1,,,,,,,,,480,640,69
1787760005950,39.99959427,-83.01139693,14.368747516330258,1787760002216,onnx-community/mobilenetv4_conv_small.e2400_r224_in1k,fp16,webgpu,"tile roof",0.269,2,,,,,,,,,480,640,69
1787760005950,39.99959427,-83.01139693,14.368747516330258,1787760002216,onnx-community/mobilenetv4_conv_small.e2400_r224_in1k,fp16,webgpu,"patio, terrace",0.024,3,,,,,,,,,480,640,69
1787760006736,39.99959427,-83.01139693,14.368747516330258,1787760002216,onnx-community/mobilenetv4_conv_small.e2400_r224_in1k,fp16,webgpu,"sundial",0.297,1,,,,,,,,,480,640,73
1787760006736,39.99959427,-83.01139693,14.368747516330258,1787760002216,onnx-community/mobilenetv4_conv_small.e2400_r224_in1k,fp16,webgpu,"tile roof",0.142,2,,,,,,,,,480,640,73
1787760006736,39.99959427,-83.01139693,14.368747516330258,1787760002216,onnx-community/mobilenetv4_conv_small.e2400_r224_in1k,fp16,webgpu,"patio, terrace",0.102,3,,,,,,,,,480,640,73
1787760007517,39.99959427,-83.01139693,14.368747516330258,1787760002216,onnx-community/mobilenetv4_conv_small.e2400_r224_in1k,fp16,webgpu,"sundial",0.259,1,,,,,,,,,480,640,71
1787760007517,39.99959427,-83.01139693,14.368747516330258,1787760002216,onnx-community/mobilenetv4_conv_small.e2400_r224_in1k,fp16,webgpu,"tile roof",0.172,2,,,,,,,,,480,640,71
1787760007517,39.99959427,-83.01139693,14.368747516330258,1787760002216,onnx-community/mobilenetv4_conv_small.e2400_r224_in1k,fp16,webgpu,"patio, terrace",0.046,3,,,,,,,,,480,640,71
1787760008285,39.99956413,-83.01142265,13.838997336936687,1787760008085,onnx-community/mobilenetv4_conv_small.e2400_r224_in1k,fp16,webgpu,"worm fence, snake fence, snake-rail fence, Virginia fence",0.049,1,,,,,,,,,480,640,56
1787760008285,39.99956413,-83.01142265,13.838997336936687,1787760008085,onnx-community/mobilenetv4_conv_small.e2400_r224_in1k,fp16,webgpu,"lakeside, lakeshore",0.037,2,,,,,,,,,480,640,56
1787760008285,39.99956413,-83.01142265,13.838997336936687,1787760008085,onnx-community/mobilenetv4_conv_small.e2400_r224_in1k,fp16,webgpu,"obelisk",0.033,3,,,,,,,,,480,640,56
1787760009061,39.99956413,-83.01142265,13.838997336936687,1787760008085,onnx-community/mobilenetv4_conv_small.e2400_r224_in1k,fp16,webgpu,"worm fence, snake fence, snake-rail fence, Virginia fence",0.081,1,,,,,,,,,480,640,67
1787760009061,39.99956413,-83.01142265,13.838997336936687,1787760008085,onnx-community/mobilenetv4_conv_small.e2400_r224_in1k,fp16,webgpu,"lakeside, lakeshore",0.038,2,,,,,,,,,480,640,67
1787760009061,39.99956413,-83.01142265,13.838997336936687,1787760008085,onnx-community/mobilenetv4_conv_small.e2400_r224_in1k,fp16,webgpu,"maze, labyrinth",0.037,3,,,,,,,,,480,640,67
1787760009831,39.99956413,-83.01142265,13.838997336936687,1787760008085,onnx-community/mobilenetv4_conv_small.e2400_r224_in1k,fp16,webgpu,"worm fence, snake fence, snake-rail fence, Virginia fence",0.062,1,,,,,,,,,480,640,54.999999999883585
1787760009831,39.99956413,-83.01142265,13.838997336936687,1787760008085,onnx-community/mobilenetv4_conv_small.e2400_r224_in1k,fp16,webgpu,"picket fence, paling",0.028,2,,,,,,,,,480,640,54.999999999883585
1787760009831,39.99956413,-83.01142265,13.838997336936687,1787760008085,onnx-community/mobilenetv4_conv_small.e2400_r224_in1k,fp16,webgpu,"obelisk",0.028,3,,,,,,,,,480,640,54.999999999883585
1787760010605,39.99956413,-83.01142265,13.838997336936687,1787760008085,onnx-community/mobilenetv4_conv_small.e2400_r224_in1k,fp16,webgpu,"worm fence, snake fence, snake-rail fence, Virginia fence",0.102,1,,,,,,,,,480,640,63
1787760010605,39.99956413,-83.01142265,13.838997336936687,1787760008085,onnx-community/mobilenetv4_conv_small.e2400_r224_in1k,fp16,webgpu,"lakeside, lakeshore",0.059,2,,,,,,,,,480,640,63
1787760010605,39.99956413,-83.01142265,13.838997336936687,1787760008085,onnx-community/mobilenetv4_conv_small.e2400_r224_in1k,fp16,webgpu,"sundial",0.035,3,,,,,,,,,480,640,63
1787760011388,39.99956114,-83.01142764,14.88622155959811,1787760010258,onnx-community/mobilenetv4_conv_small.e2400_r224_in1k,fp16,webgpu,"sundial",0.036,1,,,,,,,,,480,640,65
1787760011388,39.99956114,-83.01142764,14.88622155959811,1787760010258,onnx-community/mobilenetv4_conv_small.e2400_r224_in1k,fp16,webgpu,"worm fence, snake fence, snake-rail fence, Virginia fence",0.035,2,,,,,,,,,480,640,65
1787760011388,39.99956114,-83.01142764,14.88622155959811,1787760010258,onnx-community/mobilenetv4_conv_small.e2400_r224_in1k,fp16,webgpu,"obelisk",0.029,3,,,,,,,,,480,640,65
1787760012182,39.99956114,-83.01142764,14.88622155959811,1787760010258,onnx-community/mobilenetv4_conv_small.e2400_r224_in1k,fp16,webgpu,"worm fence, snake fence, snake-rail fence, Virginia fence",0.060,1,,,,,,,,,480,640,75
1787760012182,39.99956114,-83.01142764,14.88622155959811,1787760010258,onnx-community/mobilenetv4_conv_small.e2400_r224_in1k,fp16,webgpu,"lakeside, lakeshore",0.040,2,,,,,,,,,480,640,75
1787760012182,39.99956114,-83.01142764,14.88622155959811,1787760010258,onnx-community/mobilenetv4_conv_small.e2400_r224_in1k,fp16,webgpu,"maze, labyrinth",0.025,3,,,,,,,,,480,640,75
1787760012968,39.99956114,-83.01142764,14.88622155959811,1787760010258,onnx-community/mobilenetv4_conv_small.e2400_r224_in1k,fp16,webgpu,"lakeside, lakeshore",0.053,1,,,,,,,,,480,640,79.00000000011642
1787760012968,39.99956114,-83.01142764,14.88622155959811,1787760010258,onnx-community/mobilenetv4_conv_small.e2400_r224_in1k,fp16,webgpu,"worm fence, snake fence, snake-rail fence, Virginia fence",0.042,2,,,,,,,,,480,640,79.00000000011642
1787760012968,39.99956114,-83.01142764,14.88622155959811,1787760010258,onnx-community/mobilenetv4_conv_small.e2400_r224_in1k,fp16,webgpu,"hay",0.028,3,,,,,,,,,480,640,79.00000000011642
1787760013756,39.99956114,-83.01142764,14.88622155959811,1787760010258,onnx-community/mobilenetv4_conv_small.e2400_r224_in1k,fp16,webgpu,"lakeside, lakeshore",0.048,1,,,,,,,,,480,640,69
1787760013756,39.99956114,-83.01142764,14.88622155959811,1787760010258,onnx-community/mobilenetv4_conv_small.e2400_r224_in1k,fp16,webgpu,"worm fence, snake fence, snake-rail fence, Virginia fence",0.033,2,,,,,,,,,480,640,69
1787760013756,39.99956114,-83.01142764,14.88622155959811,1787760010258,onnx-community/mobilenetv4_conv_small.e2400_r224_in1k,fp16,webgpu,"maze, labyrinth",0.024,3,,,,,,,,,480,640,69
1787760014541,39.99955982,-83.01142634,14.904968510216198,1787760011230,onnx-community/mobilenetv4_conv_small.e2400_r224_in1k,fp16,webgpu,"worm fence, snake fence, snake-rail fence, Virginia fence",0.043,1,,,,,,,,,480,640,71
1787760014541,39.99955982,-83.01142634,14.904968510216198,1787760011230,onnx-community/mobilenetv4_conv_small.e2400_r224_in1k,fp16,webgpu,"lakeside, lakeshore",0.042,2,,,,,,,,,480,640,71
1787760014541,39.99955982,-83.01142634,14.904968510216198,1787760011230,onnx-community/mobilenetv4_conv_small.e2400_r224_in1k,fp16,webgpu,"obelisk",0.022,3,,,,,,,,,480,640,71
1787760015325,39.99955982,-83.01142634,14.904968510216198,1787760011230,onnx-community/mobilenetv4_conv_small.e2400_r224_in1k,fp16,webgpu,"worm fence, snake fence, snake-rail fence, Virginia fence",0.043,1,,,,,,,,,480,640,72.99999999988358
1787760015325,39.99955982,-83.01142634,14.904968510216198,1787760011230,onnx-community/mobilenetv4_conv_small.e2400_r224_in1k,fp16,webgpu,"unicycle, monocycle",0.025,2,,,,,,,,,480,640,72.99999999988358
1787760015325,39.99955982,-83.01142634,14.904968510216198,1787760011230,onnx-community/mobilenetv4_conv_small.e2400_r224_in1k,fp16,webgpu,"chainlink fence",0.020,3,,,,,,,,,480,640,72.99999999988358
1787760016105,39.99955982,-83.01142634,14.904968510216198,1787760011230,onnx-community/mobilenetv4_conv_small.e2400_r224_in1k,fp16,webgpu,"lakeside, lakeshore",0.034,1,,,,,,,,,480,640,71
1787760016105,39.99955982,-83.01142634,14.904968510216198,1787760011230,onnx-community/mobilenetv4_conv_small.e2400_r224_in1k,fp16,webgpu,"unicycle, monocycle",0.028,2,,,,,,,,,480,640,71
1787760016105,39.99955982,-83.01142634,14.904968510216198,1787760011230,onnx-community/mobilenetv4_conv_small.e2400_r224_in1k,fp16,webgpu,"worm fence, snake fence, snake-rail fence, Virginia fence",0.025,3,,,,,,,,,480,640,71
1787760016886,39.99955982,-83.01142634,14.904968510216198,1787760011230,onnx-community/mobilenetv4_conv_small.e2400_r224_in1k,fp16,webgpu,"worm fence, snake fence, snake-rail fence, Virginia fence",0.044,1,,,,,,,,,480,640,70
1787760016886,39.99955982,-83.01142634,14.904968510216198,1787760011230,onnx-community/mobilenetv4_conv_small.e2400_r224_in1k,fp16,webgpu,"unicycle, monocycle",0.029,2,,,,,,,,,480,640,70
1787760016886,39.99955982,-83.01142634,14.904968510216198,1787760011230,onnx-community/mobilenetv4_conv_small.e2400_r224_in1k,fp16,webgpu,"lakeside, lakeshore",0.025,3,,,,,,,,,480,640,70
1787760017670,39.99955410,-83.01142238,14.619968679555019,1787760014231,onnx-community/mobilenetv4_conv_small.e2400_r224_in1k,fp16,webgpu,"pole",0.062,1,,,,,,,,,480,640,71.00000000011642
1787760017670,39.99955410,-83.01142238,14.619968679555019,1787760014231,onnx-community/mobilenetv4_conv_small.e2400_r224_in1k,fp16,webgpu,"unicycle, monocycle",0.040,2,,,,,,,,,480,640,71.00000000011642
1787760017670,39.99955410,-83.01142238,14.619968679555019,1787760014231,onnx-community/mobilenetv4_conv_small.e2400_r224_in1k,fp16,webgpu,"flagpole, flagstaff",0.035,3,,,,,,,,,480,640,71.00000000011642
1787760018446,39.99955410,-83.01142238,14.619968679555019,1787760014231,onnx-community/mobilenetv4_conv_small.e2400_r224_in1k,fp16,webgpu,"pole",0.052,1,,,,,,,,,480,640,65
1787760018446,39.99955410,-83.01142238,14.619968679555019,1787760014231,onnx-community/mobilenetv4_conv_small.e2400_r224_in1k,fp16,webgpu,"sundial",0.038,2,,,,,,,,,480,640,65
1787760018446,39.99955410,-83.01142238,14.619968679555019,1787760014231,onnx-community/mobilenetv4_conv_small.e2400_r224_in1k,fp16,webgpu,"unicycle, monocycle",0.031,3,,,,,,,,,480,640,65
1787760019228,39.99955410,-83.01142238,14.619968679555019,1787760014231,onnx-community/mobilenetv4_conv_small.e2400_r224_in1k,fp16,webgpu,"pole",0.084,1,,,,,,,,,480,640,63
1787760019228,39.99955410,-83.01142238,14.619968679555019,1787760014231,onnx-community/mobilenetv4_conv_small.e2400_r224_in1k,fp16,webgpu,"lakeside, lakeshore",0.066,2,,,,,,,,,480,640,63
1787760019228,39.99955410,-83.01142238,14.619968679555019,1787760014231,onnx-community/mobilenetv4_conv_small.e2400_r224_in1k,fp16,webgpu,"sundial",0.058,3,,,,,,,,,480,640,63
1787760020014,39.99955410,-83.01142238,14.619968679555019,1787760014231,onnx-community/mobilenetv4_conv_small.e2400_r224_in1k,fp16,webgpu,"lakeside, lakeshore",0.057,1,,,,,,,,,480,640,68
1787760020014,39.99955410,-83.01142238,14.619968679555019,1787760014231,onnx-community/mobilenetv4_conv_small.e2400_r224_in1k,fp16,webgpu,"pole",0.036,2,,,,,,,,,480,640,68
1787760020014,39.99955410,-83.01142238,14.619968679555019,1787760014231,onnx-community/mobilenetv4_conv_small.e2400_r224_in1k,fp16,webgpu,"flagpole, flagstaff",0.035,3,,,,,,,,,480,640,68
1787760020799,39.99954932,-83.01141843,14.40059347116199,1787760017234,onnx-community/mobilenetv4_conv_small.e2400_r224_in1k,fp16,webgpu,"pole",0.115,1,,,,,,,,,480,640,71
1787760020799,39.99954932,-83.01141843,14.40059347116199,1787760017234,onnx-community/mobilenetv4_conv_small.e2400_r224_in1k,fp16,webgpu,"lakeside, lakeshore",0.070,2,,,,,,,,,480,640,71
1787760020799,39.99954932,-83.01141843,14.40059347116199,1787760017234,onnx-community/mobilenetv4_conv_small.e2400_r224_in1k,fp16,webgpu,"sundial",0.064,3,,,,,,,,,480,640,71
1787760021580,39.99954932,-83.01141843,14.40059347116199,1787760017234,onnx-community/mobilenetv4_conv_small.e2400_r224_in1k,fp16,webgpu,"lakeside, lakeshore",0.076,1,,,,,,,,,480,640,69
1787760021580,39.99954932,-83.01141843,14.40059347116199,1787760017234,onnx-community/mobilenetv4_conv_small.e2400_r224_in1k,fp16,webgpu,"pole",0.044,2,,,,,,,,,480,640,69
1787760021580,39.99954932,-83.01141843,14.40059347116199,1787760017234,onnx-community/mobilenetv4_conv_small.e2400_r224_in1k,fp16,webgpu,"park bench",0.042,3,,,,,,,,,480,640,69
1787760022364,39.99954932,-83.01141843,14.40059347116199,1787760017234,onnx-community/mobilenetv4_conv_small.e2400_r224_in1k,fp16,webgpu,"pole",0.111,1,,,,,,,,,480,640,72
1787760022364,39.99954932,-83.01141843,14.40059347116199,1787760017234,onnx-community/mobilenetv4_conv_small.e2400_r224_in1k,fp16,webgpu,"lakeside, lakeshore",0.071,2,,,,,,,,,480,640,72
1787760022364,39.99954932,-83.01141843,14.40059347116199,1787760017234,onnx-community/mobilenetv4_conv_small.e2400_r224_in1k,fp16,webgpu,"sundial",0.057,3,,,,,,,,,480,640,72
1787760023145,39.99954932,-83.01141843,14.40059347116199,1787760017234,onnx-community/mobilenetv4_conv_small.e2400_r224_in1k,fp16,webgpu,"lakeside, lakeshore",0.133,1,,,,,,,,,480,640,70.99999999988358
1787760023145,39.99954932,-83.01141843,14.40059347116199,1787760017234,onnx-community/mobilenetv4_conv_small.e2400_r224_in1k,fp16,webgpu,"pole",0.072,2,,,,,,,,,480,640,70.99999999988358
1787760023145,39.99954932,-83.01141843,14.40059347116199,1787760017234,onnx-community/mobilenetv4_conv_small.e2400_r224_in1k,fp16,webgpu,"sundial",0.071,3,,,,,,,,,480,640,70.99999999988358
1787760023927,39.99954414,-83.01141683,14.11613440075945,1787760020243,onnx-community/mobilenetv4_conv_small.e2400_r224_in1k,fp16,webgpu,"pole",0.134,1,,,,,,,,,480,640,70
1787760023927,39.99954414,-83.01141683,14.11613440075945,1787760020243,onnx-community/mobilenetv4_conv_small.e2400_r224_in1k,fp16,webgpu,"lakeside, lakeshore",0.095,2,,,,,,,,,480,640,70
1787760023927,39.99954414,-83.01141683,14.11613440075945,1787760020243,onnx-community/mobilenetv4_conv_small.e2400_r224_in1k,fp16,webgpu,"park bench",0.056,3,,,,,,,,,480,640,70
1787760024710,39.99954414,-83.01141683,14.11613440075945,1787760020243,onnx-community/mobilenetv4_conv_small.e2400_r224_in1k,fp16,webgpu,"pole",0.154,1,,,,,,,,,480,640,71
1787760024710,39.99954414,-83.01141683,14.11613440075945,1787760020243,onnx-community/mobilenetv4_conv_small.e2400_r224_in1k,fp16,webgpu,"lakeside, lakeshore",0.113,2,,,,,,,,,480,640,71
1787760024710,39.99954414,-83.01141683,14.11613440075945,1787760020243,onnx-community/mobilenetv4_conv_small.e2400_r224_in1k,fp16,webgpu,"park bench",0.052,3,,,,,,,,,480,640,71
1787760025489,39.99954414,-83.01141683,14.11613440075945,1787760020243,onnx-community/mobilenetv4_conv_small.e2400_r224_in1k,fp16,webgpu,"pole",0.083,1,,,,,,,,,480,640,67
1787760025489,39.99954414,-83.01141683,14.11613440075945,1787760020243,onnx-community/mobilenetv4_conv_small.e2400_r224_in1k,fp16,webgpu,"lakeside, lakeshore",0.076,2,,,,,,,,,480,640,67
1787760025489,39.99954414,-83.01141683,14.11613440075945,1787760020243,onnx-community/mobilenetv4_conv_small.e2400_r224_in1k,fp16,webgpu,"sundial",0.047,3,,,,,,,,,480,640,67
1787760026267,39.99954098,-83.01141405,13.937354348798191,1787760023239,onnx-community/mobilenetv4_conv_small.e2400_r224_in1k,fp16,webgpu,"lakeside, lakeshore",0.170,1,,,,,,,,,480,640,64
1787760026267,39.99954098,-83.01141405,13.937354348798191,1787760023239,onnx-community/mobilenetv4_conv_small.e2400_r224_in1k,fp16,webgpu,"patio, terrace",0.033,2,,,,,,,,,480,640,64
1787760026267,39.99954098,-83.01141405,13.937354348798191,1787760023239,onnx-community/mobilenetv4_conv_small.e2400_r224_in1k,fp16,webgpu,"triumphal arch",0.030,3,,,,,,,,,480,640,64
1787760027034,39.99954098,-83.01141405,13.937354348798191,1787760023239,onnx-community/mobilenetv4_conv_small.e2400_r224_in1k,fp16,webgpu,"lakeside, lakeshore",0.119,1,,,,,,,,,480,640,65
1787760027034,39.99954098,-83.01141405,13.937354348798191,1787760023239,onnx-community/mobilenetv4_conv_small.e2400_r224_in1k,fp16,webgpu,"park bench",0.070,2,,,,,,,,,480,640,65
1787760027034,39.99954098,-83.01141405,13.937354348798191,1787760023239,onnx-community/mobilenetv4_conv_small.e2400_r224_in1k,fp16,webgpu,"worm fence, snake fence, snake-rail fence, Virginia fence",0.027,3,,,,,,,,,480,640,65
1787760027813,39.99954098,-83.01141405,13.937354348798191,1787760023239,onnx-community/mobilenetv4_conv_small.e2400_r224_in1k,fp16,webgpu,"lakeside, lakeshore",0.174,1,,,,,,,,,480,640,61.999999999883585
1787760027813,39.99954098,-83.01141405,13.937354348798191,1787760023239,onnx-community/mobilenetv4_conv_small.e2400_r224_in1k,fp16,webgpu,"park bench",0.054,2,,,,,,,,,480,640,61.999999999883585
1787760027813,39.99954098,-83.01141405,13.937354348798191,1787760023239,onnx-community/mobilenetv4_conv_small.e2400_r224_in1k,fp16,webgpu,"worm fence, snake fence, snake-rail fence, Virginia fence",0.052,3,,,,,,,,,480,640,61.999999999883585
1787760028590,39.99954098,-83.01141405,13.937354348798191,1787760023239,onnx-community/mobilenetv4_conv_small.e2400_r224_in1k,fp16,webgpu,"lakeside, lakeshore",0.117,1,,,,,,,,,480,640,72
1787760028590,39.99954098,-83.01141405,13.937354348798191,1787760023239,onnx-community/mobilenetv4_conv_small.e2400_r224_in1k,fp16,webgpu,"park bench",0.071,2,,,,,,,,,480,640,72
1787760028590,39.99954098,-83.01141405,13.937354348798191,1787760023239,onnx-community/mobilenetv4_conv_small.e2400_r224_in1k,fp16,webgpu,"worm fence, snake fence, snake-rail fence, Virginia fence",0.049,3,,,,,,,,,480,640,72
1787760029370,39.99953678,-83.01141215,13.709001601424863,1787760026259,onnx-community/mobilenetv4_conv_small.e2400_r224_in1k,fp16,webgpu,"lakeside, lakeshore",0.161,1,,,,,,,,,480,640,66
1787760029370,39.99953678,-83.01141215,13.709001601424863,1787760026259,onnx-community/mobilenetv4_conv_small.e2400_r224_in1k,fp16,webgpu,"park bench",0.069,2,,,,,,,,,480,640,66
1787760029370,39.99953678,-83.01141215,13.709001601424863,1787760026259,onnx-community/mobilenetv4_conv_small.e2400_r224_in1k,fp16,webgpu,"triumphal arch",0.035,3,,,,,,,,,480,640,66
1787760030155,39.99953678,-83.01141215,13.709001601424863,1787760026259,onnx-community/mobilenetv4_conv_small.e2400_r224_in1k,fp16,webgpu,"lakeside, lakeshore",0.188,1,,,,,,,,,480,640,72
1787760030155,39.99953678,-83.01141215,13.709001601424863,1787760026259,onnx-community/mobilenetv4_conv_small.e2400_r224_in1k,fp16,webgpu,"worm fence, snake fence, snake-rail fence, Virginia fence",0.056,2,,,,,,,,,480,640,72
1787760030155,39.99953678,-83.01141215,13.709001601424863,1787760026259,onnx-community/mobilenetv4_conv_small.e2400_r224_in1k,fp16,webgpu,"park bench",0.036,3,,,,,,,,,480,640,72
1787760030936,39.99953678,-83.01141215,13.709001601424863,1787760026259,onnx-community/mobilenetv4_conv_small.e2400_r224_in1k,fp16,webgpu,"lakeside, lakeshore",0.092,1,,,,,,,,,480,640,72
1787760030936,39.99953678,-83.01141215,13.709001601424863,1787760026259,onnx-community/mobilenetv4_conv_small.e2400_r224_in1k,fp16,webgpu,"park bench",0.053,2,,,,,,,,,480,640,72
1787760030936,39.99953678,-83.01141215,13.709001601424863,1787760026259,onnx-community/mobilenetv4_conv_small.e2400_r224_in1k,fp16,webgpu,"worm fence, snake fence, snake-rail fence, Virginia fence",0.032,3,,,,,,,,,480,640,72
1787760031722,39.99953678,-83.01141215,13.709001601424863,1787760026259,onnx-community/mobilenetv4_conv_small.e2400_r224_in1k,fp16,webgpu,"lakeside, lakeshore",0.121,1,,,,,,,,,480,640,73
1787760031722,39.99953678,-83.01141215,13.709001601424863,1787760026259,onnx-community/mobilenetv4_conv_small.e2400_r224_in1k,fp16,webgpu,"park bench",0.055,2,,,,,,,,,480,640,73
1787760031722,39.99953678,-83.01141215,13.709001601424863,1787760026259,onnx-community/mobilenetv4_conv_small.e2400_r224_in1k,fp16,webgpu,"worm fence, snake fence, snake-rail fence, Virginia fence",0.048,3,,,,,,,,,480,640,73
1787760032501,39.99953331,-83.01140677,13.775019421862325,1787760029265,onnx-community/mobilenetv4_conv_small.e2400_r224_in1k,fp16,webgpu,"lakeside, lakeshore",0.102,1,,,,,,,,,480,640,71
1787760032501,39.99953331,-83.01140677,13.775019421862325,1787760029265,onnx-community/mobilenetv4_conv_small.e2400_r224_in1k,fp16,webgpu,"park bench",0.061,2,,,,,,,,,480,640,71
1787760032501,39.99953331,-83.01140677,13.775019421862325,1787760029265,onnx-community/mobilenetv4_conv_small.e2400_r224_in1k,fp16,webgpu,"worm fence, snake fence, snake-rail fence, Virginia fence",0.048,3,,,,,,,,,480,640,71
1787760033280,39.99953331,-83.01140677,13.775019421862325,1787760029265,onnx-community/mobilenetv4_conv_small.e2400_r224_in1k,fp16,webgpu,"lakeside, lakeshore",0.092,1,,,,,,,,,480,640,68
1787760033280,39.99953331,-83.01140677,13.775019421862325,1787760029265,onnx-community/mobilenetv4_conv_small.e2400_r224_in1k,fp16,webgpu,"park bench",0.045,2,,,,,,,,,480,640,68
1787760033280,39.99953331,-83.01140677,13.775019421862325,1787760029265,onnx-community/mobilenetv4_conv_small.e2400_r224_in1k,fp16,webgpu,"worm fence, snake fence, snake-rail fence, Virginia fence",0.030,3,,,,,,,,,480,640,68
1787760034063,39.99953331,-83.01140677,13.775019421862325,1787760029265,onnx-community/mobilenetv4_conv_small.e2400_r224_in1k,fp16,webgpu,"lakeside, lakeshore",0.079,1,,,,,,,,,480,640,68
1787760034063,39.99953331,-83.01140677,13.775019421862325,1787760029265,onnx-community/mobilenetv4_conv_small.e2400_r224_in1k,fp16,webgpu,"park bench",0.069,2,,,,,,,,,480,640,68
1787760034063,39.99953331,-83.01140677,13.775019421862325,1787760029265,onnx-community/mobilenetv4_conv_small.e2400_r224_in1k,fp16,webgpu,"mobile home, manufactured home",0.026,3,,,,,,,,,480,640,68
1787760034850,39.99953331,-83.01140677,13.775019421862325,1787760029265,onnx-community/mobilenetv4_conv_small.e2400_r224_in1k,fp16,webgpu,"lakeside, lakeshore",0.149,1,,,,,,,,,480,640,73
1787760034850,39.99953331,-83.01140677,13.775019421862325,1787760029265,onnx-community/mobilenetv4_conv_small.e2400_r224_in1k,fp16,webgpu,"park bench",0.050,2,,,,,,,,,480,640,73
1787760034850,39.99953331,-83.01140677,13.775019421862325,1787760029265,onnx-community/mobilenetv4_conv_small.e2400_r224_in1k,fp16,webgpu,"mobile home, manufactured home",0.032,3,,,,,,,,,480,640,73
1787760035615,39.99952759,-83.01140325,13.614653811844732,1787760032267,onnx-community/mobilenetv4_conv_small.e2400_r224_in1k,fp16,webgpu,"lakeside, lakeshore",0.166,1,,,,,,,,,480,640,57
1787760035615,39.99952759,-83.01140325,13.614653811844732,1787760032267,onnx-community/mobilenetv4_conv_small.e2400_r224_in1k,fp16,webgpu,"park bench",0.081,2,,,,,,,,,480,640,57
1787760035615,39.99952759,-83.01140325,13.614653811844732,1787760032267,onnx-community/mobilenetv4_conv_small.e2400_r224_in1k,fp16,webgpu,"worm fence, snake fence, snake-rail fence, Virginia fence",0.033,3,,,,,,,,,480,640,57
1787760036380,39.99952759,-83.01140325,13.614653811844732,1787760032267,onnx-community/mobilenetv4_conv_small.e2400_r224_in1k,fp16,webgpu,"lakeside, lakeshore",0.139,1,,,,,,,,,480,640,55.999999999883585
1787760036380,39.99952759,-83.01140325,13.614653811844732,1787760032267,onnx-community/mobilenetv4_conv_small.e2400_r224_in1k,fp16,webgpu,"park bench",0.097,2,,,,,,,,,480,640,55.999999999883585
1787760036380,39.99952759,-83.01140325,13.614653811844732,1787760032267,onnx-community/mobilenetv4_conv_small.e2400_r224_in1k,fp16,webgpu,"triumphal arch",0.023,3,,,,,,,,,480,640,55.999999999883585
1787760037144,39.99952759,-83.01140325,13.614653811844732,1787760032267,onnx-community/mobilenetv4_conv_small.e2400_r224_in1k,fp16,webgpu,"lakeside, lakeshore",0.108,1,,,,,,,,,480,640,53
1787760037144,39.99952759,-83.01140325,13.614653811844732,1787760032267,onnx-community/mobilenetv4_conv_small.e2400_r224_in1k,fp16,webgpu,"park bench",0.072,2,,,,,,,,,480,640,53
1787760037144,39.99952759,-83.01140325,13.614653811844732,1787760032267,onnx-community/mobilenetv4_conv_small.e2400_r224_in1k,fp16,webgpu,"triumphal arch",0.033,3,,,,,,,,,480,640,53
1787760037908,39.99952759,-83.01140325,13.614653811844732,1787760032267,onnx-community/mobilenetv4_conv_small.e2400_r224_in1k,fp16,webgpu,"park bench",0.194,1,,,,,,,,,480,640,51
1787760037908,39.99952759,-83.01140325,13.614653811844732,1787760032267,onnx-community/mobilenetv4_conv_small.e2400_r224_in1k,fp16,webgpu,"lakeside, lakeshore",0.125,2,,,,,,,,,480,640,51
1787760037908,39.99952759,-83.01140325,13.614653811844732,1787760032267,onnx-community/mobilenetv4_conv_small.e2400_r224_in1k,fp16,webgpu,"mailbox, letter box",0.030,3,,,,,,,,,480,640,51
1787760038676,39.99953755,-83.01137216,13.589392682102476,1787760036639,onnx-community/mobilenetv4_conv_small.e2400_r224_in1k,fp16,webgpu,"park bench",0.150,1,,,,,,,,,480,640,53.999999999883585
1787760038676,39.99953755,-83.01137216,13.589392682102476,1787760036639,onnx-community/mobilenetv4_conv_small.e2400_r224_in1k,fp16,webgpu,"lakeside, lakeshore",0.146,2,,,,,,,,,480,640,53.999999999883585
1787760038676,39.99953755,-83.01137216,13.589392682102476,1787760036639,onnx-community/mobilenetv4_conv_small.e2400_r224_in1k,fp16,webgpu,"mailbox, letter box",0.090,3,,,,,,,,,480,640,53.999999999883585
1787760039439,39.99953755,-83.01137216,13.589392682102476,1787760036639,onnx-community/mobilenetv4_conv_small.e2400_r224_in1k,fp16,webgpu,"park bench",0.187,1,,,,,,,,,480,640,53
1787760039439,39.99953755,-83.01137216,13.589392682102476,1787760036639,onnx-community/mobilenetv4_conv_small.e2400_r224_in1k,fp16,webgpu,"lakeside, lakeshore",0.084,2,,,,,,,,,480,640,53
1787760039439,39.99953755,-83.01137216,13.589392682102476,1787760036639,onnx-community/mobilenetv4_conv_small.e2400_r224_in1k,fp16,webgpu,"mailbox, letter box",0.068,3,,,,,,,,,480,640,53
1787760040194,39.99953755,-83.01137216,13.589392682102476,1787760036639,onnx-community/mobilenetv4_conv_small.e2400_r224_in1k,fp16,webgpu,"park bench",0.381,1,,,,,,,,,480,640,41
1787760040194,39.99953755,-83.01137216,13.589392682102476,1787760036639,onnx-community/mobilenetv4_conv_small.e2400_r224_in1k,fp16,webgpu,"lakeside, lakeshore",0.082,2,,,,,,,,,480,640,41
1787760040194,39.99953755,-83.01137216,13.589392682102476,1787760036639,onnx-community/mobilenetv4_conv_small.e2400_r224_in1k,fp16,webgpu,"mailbox, letter box",0.058,3,,,,,,,,,480,640,41
1787760040962,39.99953755,-83.01137216,13.589392682102476,1787760036639,onnx-community/mobilenetv4_conv_small.e2400_r224_in1k,fp16,webgpu,"park bench",0.310,1,,,,,,,,,480,640,61
1787760040962,39.99953755,-83.01137216,13.589392682102476,1787760036639,onnx-community/mobilenetv4_conv_small.e2400_r224_in1k,fp16,webgpu,"lakeside, lakeshore",0.180,2,,,,,,,,,480,640,61
1787760040962,39.99953755,-83.01137216,13.589392682102476,1787760036639,onnx-community/mobilenetv4_conv_small.e2400_r224_in1k,fp16,webgpu,"mailbox, letter box",0.043,3,,,,,,,,,480,640,61
1787760041722,39.99954496,-83.01136973,15.053341314005129,1787760038843,onnx-community/mobilenetv4_conv_small.e2400_r224_in1k,fp16,webgpu,"lakeside, lakeshore",0.209,1,,,,,,,,,480,640,54
1787760041722,39.99954496,-83.01136973,15.053341314005129,1787760038843,onnx-community/mobilenetv4_conv_small.e2400_r224_in1k,fp16,webgpu,"park bench",0.179,2,,,,,,,,,480,640,54
1787760041722,39.99954496,-83.01136973,15.053341314005129,1787760038843,onnx-community/mobilenetv4_conv_small.e2400_r224_in1k,fp16,webgpu,"sundial",0.042,3,,,,,,,,,480,640,54
1787760042488,39.99954496,-83.01136973,15.053341314005129,1787760038843,onnx-community/mobilenetv4_conv_small.e2400_r224_in1k,fp16,webgpu,"park bench",0.239,1,,,,,,,,,480,640,54
1787760042488,39.99954496,-83.01136973,15.053341314005129,1787760038843,onnx-community/mobilenetv4_conv_small.e2400_r224_in1k,fp16,webgpu,"lakeside, lakeshore",0.186,2,,,,,,,,,480,640,54
1787760042488,39.99954496,-83.01136973,15.053341314005129,1787760038843,onnx-community/mobilenetv4_conv_small.e2400_r224_in1k,fp16,webgpu,"patio, terrace",0.042,3,,,,,,,,,480,640,54
1787760043253,39.99954496,-83.01136973,15.053341314005129,1787760038843,onnx-community/mobilenetv4_conv_small.e2400_r224_in1k,fp16,webgpu,"lakeside, lakeshore",0.274,1,,,,,,,,,480,640,53
1787760043253,39.99954496,-83.01136973,15.053341314005129,1787760038843,onnx-community/mobilenetv4_conv_small.e2400_r224_in1k,fp16,webgpu,"park bench",0.258,2,,,,,,,,,480,640,53
1787760043253,39.99954496,-83.01136973,15.053341314005129,1787760038843,onnx-community/mobilenetv4_conv_small.e2400_r224_in1k,fp16,webgpu,"mailbox, letter box",0.037,3,,,,,,,,,480,640,53
1787760044019,39.99954496,-83.01136973,15.053341314005129,1787760038843,onnx-community/mobilenetv4_conv_small.e2400_r224_in1k,fp16,webgpu,"park bench",0.191,1,,,,,,,,,480,640,54
1787760044019,39.99954496,-83.01136973,15.053341314005129,1787760038843,onnx-community/mobilenetv4_conv_small.e2400_r224_in1k,fp16,webgpu,"lakeside, lakeshore",0.166,2,,,,,,,,,480,640,54
1787760044019,39.99954496,-83.01136973,15.053341314005129,1787760038843,onnx-community/mobilenetv4_conv_small.e2400_r224_in1k,fp16,webgpu,"patio, terrace",0.048,3,,,,,,,,,480,640,54
1787760044783,39.99954263,-83.01136749,14.811660329597624,1787760041281,onnx-community/mobilenetv4_conv_small.e2400_r224_in1k,fp16,webgpu,"lakeside, lakeshore",0.349,1,,,,,,,,,480,640,52
1787760044783,39.99954263,-83.01136749,14.811660329597624,1787760041281,onnx-community/mobilenetv4_conv_small.e2400_r224_in1k,fp16,webgpu,"park bench",0.205,2,,,,,,,,,480,640,52
1787760044783,39.99954263,-83.01136749,14.811660329597624,1787760041281,onnx-community/mobilenetv4_conv_small.e2400_r224_in1k,fp16,webgpu,"mobile home, manufactured home",0.016,3,,,,,,,,,480,640,52
1787760045567,39.99954263,-83.01136749,14.811660329597624,1787760041281,onnx-community/mobilenetv4_conv_small.e2400_r224_in1k,fp16,webgpu,"park bench",0.167,1,,,,,,,,,480,640,70.99999999988358
1787760045567,39.99954263,-83.01136749,14.811660329597624,1787760041281,onnx-community/mobilenetv4_conv_small.e2400_r224_in1k,fp16,webgpu,"lakeside, lakeshore",0.101,2,,,,,,,,,480,640,70.99999999988358
1787760045567,39.99954263,-83.01136749,14.811660329597624,1787760041281,onnx-community/mobilenetv4_conv_small.e2400_r224_in1k,fp16,webgpu,"mobile home, manufactured home",0.033,3,,,,,,,,,480,640,70.99999999988358
1787760046334,39.99954263,-83.01136749,14.811660329597624,1787760041281,onnx-community/mobilenetv4_conv_small.e2400_r224_in1k,fp16,webgpu,"lakeside, lakeshore",0.205,1,,,,,,,,,480,640,56
1787760046334,39.99954263,-83.01136749,14.811660329597624,1787760041281,onnx-community/mobilenetv4_conv_small.e2400_r224_in1k,fp16,webgpu,"park bench",0.165,2,,,,,,,,,480,640,56
1787760046334,39.99954263,-83.01136749,14.811660329597624,1787760041281,onnx-community/mobilenetv4_conv_small.e2400_r224_in1k,fp16,webgpu,"obelisk",0.031,3,,,,,,,,,480,640,56
1787760047093,39.99954263,-83.01136749,14.811660329597624,1787760041281,onnx-community/mobilenetv4_conv_small.e2400_r224_in1k,fp16,webgpu,"park bench",0.264,1,,,,,,,,,480,640,49.000000000116415
1787760047093,39.99954263,-83.01136749,14.811660329597624,1787760041281,onnx-community/mobilenetv4_conv_small.e2400_r224_in1k,fp16,webgpu,"lakeside, lakeshore",0.139,2,,,,,,,,,480,640,49.000000000116415
1787760047093,39.99954263,-83.01136749,14.811660329597624,1787760041281,onnx-community/mobilenetv4_conv_small.e2400_r224_in1k,fp16,webgpu,"golfcart, golf cart",0.038,3,,,,,,,,,480,640,49.000000000116415
1787760047863,39.99952258,-83.01136593,14.378168614840419,1787760045424,onnx-community/mobilenetv4_conv_small.e2400_r224_in1k,fp16,webgpu,"park bench",0.203,1,,,,,,,,,480,640,53
1787760047863,39.99952258,-83.01136593,14.378168614840419,1787760045424,onnx-community/mobilenetv4_conv_small.e2400_r224_in1k,fp16,webgpu,"lakeside, lakeshore",0.129,2,,,,,,,,,480,640,53
1787760047863,39.99952258,-83.01136593,14.378168614840419,1787760045424,onnx-community/mobilenetv4_conv_small.e2400_r224_in1k,fp16,webgpu,"mailbox, letter box",0.051,3,,,,,,,,,480,640,53
1787760048632,39.99952258,-83.01136593,14.378168614840419,1787760045424,onnx-community/mobilenetv4_conv_small.e2400_r224_in1k,fp16,webgpu,"lakeside, lakeshore",0.195,1,,,,,,,,,480,640,58
1787760048632,39.99952258,-83.01136593,14.378168614840419,1787760045424,onnx-community/mobilenetv4_conv_small.e2400_r224_in1k,fp16,webgpu,"park bench",0.159,2,,,,,,,,,480,640,58
1787760048632,39.99952258,-83.01136593,14.378168614840419,1787760045424,onnx-community/mobilenetv4_conv_small.e2400_r224_in1k,fp16,webgpu,"mobile home, manufactured home",0.076,3,,,,,,,,,480,640,58
1787760049394,39.99952258,-83.01136593,14.378168614840419,1787760045424,onnx-community/mobilenetv4_conv_small.e2400_r224_in1k,fp16,webgpu,"mobile home, manufactured home",0.297,1,,,,,,,,,480,640,54
1787760049394,39.99952258,-83.01136593,14.378168614840419,1787760045424,onnx-community/mobilenetv4_conv_small.e2400_r224_in1k,fp16,webgpu,"park bench",0.111,2,,,,,,,,,480,640,54
1787760049394,39.99952258,-83.01136593,14.378168614840419,1787760045424,onnx-community/mobilenetv4_conv_small.e2400_r224_in1k,fp16,webgpu,"lakeside, lakeshore",0.050,3,,,,,,,,,480,640,54
1787760050161,39.99952258,-83.01136593,14.378168614840419,1787760045424,onnx-community/mobilenetv4_conv_small.e2400_r224_in1k,fp16,webgpu,"park bench",0.166,1,,,,,,,,,480,640,54
1787760050161,39.99952258,-83.01136593,14.378168614840419,1787760045424,onnx-community/mobilenetv4_conv_small.e2400_r224_in1k,fp16,webgpu,"lakeside, lakeshore",0.109,2,,,,,,,,,480,640,54
1787760050161,39.99952258,-83.01136593,14.378168614840419,1787760045424,onnx-community/mobilenetv4_conv_small.e2400_r224_in1k,fp16,webgpu,"unicycle, monocycle",0.041,3,,,,,,,,,480,640,54
1787760050929,39.99953376,-83.01138148,18.137737215210795,1787760047286,onnx-community/mobilenetv4_conv_small.e2400_r224_in1k,fp16,webgpu,"park bench",0.188,1,,,,,,,,,480,640,57
1787760050929,39.99953376,-83.01138148,18.137737215210795,1787760047286,onnx-community/mobilenetv4_conv_small.e2400_r224_in1k,fp16,webgpu,"lakeside, lakeshore",0.109,2,,,,,,,,,480,640,57
1787760050929,39.99953376,-83.01138148,18.137737215210795,1787760047286,onnx-community/mobilenetv4_conv_small.e2400_r224_in1k,fp16,webgpu,"mailbox, letter box",0.058,3,,,,,,,,,480,640,57
1787760051697,39.99953376,-83.01138148,18.137737215210795,1787760047286,onnx-community/mobilenetv4_conv_small.e2400_r224_in1k,fp16,webgpu,"unicycle, monocycle",0.115,1,,,,,,,,,480,640,59
1787760051697,39.99953376,-83.01138148,18.137737215210795,1787760047286,onnx-community/mobilenetv4_conv_small.e2400_r224_in1k,fp16,webgpu,"park bench",0.101,2,,,,,,,,,480,640,59
1787760051697,39.99953376,-83.01138148,18.137737215210795,1787760047286,onnx-community/mobilenetv4_conv_small.e2400_r224_in1k,fp16,webgpu,"lakeside, lakeshore",0.079,3,,,,,,,,,480,640,59
1787760052461,39.99953376,-83.01138148,18.137737215210795,1787760047286,onnx-community/mobilenetv4_conv_small.e2400_r224_in1k,fp16,webgpu,"park bench",0.120,1,,,,,,,,,480,640,58
1787760052461,39.99953376,-83.01138148,18.137737215210795,1787760047286,onnx-community/mobilenetv4_conv_small.e2400_r224_in1k,fp16,webgpu,"mobile home, manufactured home",0.114,2,,,,,,,,,480,640,58
1787760052461,39.99953376,-83.01138148,18.137737215210795,1787760047286,onnx-community/mobilenetv4_conv_small.e2400_r224_in1k,fp16,webgpu,"lakeside, lakeshore",0.047,3,,,,,,,,,480,640,58
1787760053224,39.99953376,-83.01138148,18.137737215210795,1787760047286,onnx-community/mobilenetv4_conv_small.e2400_r224_in1k,fp16,webgpu,"park bench",0.223,1,,,,,,,,,480,640,53.999999999883585
1787760053224,39.99953376,-83.01138148,18.137737215210795,1787760047286,onnx-community/mobilenetv4_conv_small.e2400_r224_in1k,fp16,webgpu,"lakeside, lakeshore",0.191,2,,,,,,,,,480,640,53.999999999883585
1787760053224,39.99953376,-83.01138148,18.137737215210795,1787760047286,onnx-community/mobilenetv4_conv_small.e2400_r224_in1k,fp16,webgpu,"mobile home, manufactured home",0.140,3,,,,,,,,,480,640,53.999999999883585
1787760053989,39.99931462,-83.01143276,33.94225726079917,1787760050296,onnx-community/mobilenetv4_conv_small.e2400_r224_in1k,fp16,webgpu,"mobile home, manufactured home",0.152,1,,,,,,,,,480,640,54
1787760053989,39.99931462,-83.01143276,33.94225726079917,1787760050296,onnx-community/mobilenetv4_conv_small.e2400_r224_in1k,fp16,webgpu,"park bench",0.134,2,,,,,,,,,480,640,54
1787760053989,39.99931462,-83.01143276,33.94225726079917,1787760050296,onnx-community/mobilenetv4_conv_small.e2400_r224_in1k,fp16,webgpu,"lakeside, lakeshore",0.101,3,,,,,,,,,480,640,54
1787760054755,39.99931462,-83.01143276,33.94225726079917,1787760050296,onnx-community/mobilenetv4_conv_small.e2400_r224_in1k,fp16,webgpu,"lakeside, lakeshore",0.209,1,,,,,,,,,480,640,55
1787760054755,39.99931462,-83.01143276,33.94225726079917,1787760050296,onnx-community/mobilenetv4_conv_small.e2400_r224_in1k,fp16,webgpu,"mailbox, letter box",0.090,2,,,,,,,,,480,640,55
1787760054755,39.99931462,-83.01143276,33.94225726079917,1787760050296,onnx-community/mobilenetv4_conv_small.e2400_r224_in1k,fp16,webgpu,"park bench",0.089,3,,,,,,,,,480,640,55
1787760055519,39.99931462,-83.01143276,33.94225726079917,1787760050296,onnx-community/mobilenetv4_conv_small.e2400_r224_in1k,fp16,webgpu,"mobile home, manufactured home",0.535,1,,,,,,,,,480,640,52
1787760055519,39.99931462,-83.01143276,33.94225726079917,1787760050296,onnx-community/mobilenetv4_conv_small.e2400_r224_in1k,fp16,webgpu,"lakeside, lakeshore",0.053,2,,,,,,,,,480,640,52
1787760055519,39.99931462,-83.01143276,33.94225726079917,1787760050296,onnx-community/mobilenetv4_conv_small.e2400_r224_in1k,fp16,webgpu,"park bench",0.039,3,,,,,,,,,480,640,52
1787760056286,39.99931462,-83.01143276,33.94225726079917,1787760050296,onnx-community/mobilenetv4_conv_small.e2400_r224_in1k,fp16,webgpu,"mobile home, manufactured home",0.262,1,,,,,,,,,480,640,53
1787760056286,39.99931462,-83.01143276,33.94225726079917,1787760050296,onnx-community/mobilenetv4_conv_small.e2400_r224_in1k,fp16,webgpu,"lakeside, lakeshore",0.078,2,,,,,,,,,480,640,53
1787760056286,39.99931462,-83.01143276,33.94225726079917,1787760050296,onnx-community/mobilenetv4_conv_small.e2400_r224_in1k,fp16,webgpu,"park bench",0.055,3,,,,,,,,,480,640,53
1787760057051,39.99899729,-83.01152876,20.478132561445243,1787760054832,onnx-community/mobilenetv4_conv_small.e2400_r224_in1k,fp16,webgpu,"mobile home, manufactured home",0.434,1,,,,,,,,,480,640,53
1787760057051,39.99899729,-83.01152876,20.478132561445243,1787760054832,onnx-community/mobilenetv4_conv_small.e2400_r224_in1k,fp16,webgpu,"lakeside, lakeshore",0.075,2,,,,,,,,,480,640,53
1787760057051,39.99899729,-83.01152876,20.478132561445243,1787760054832,onnx-community/mobilenetv4_conv_small.e2400_r224_in1k,fp16,webgpu,"patio, terrace",0.019,3,,,,,,,,,480,640,53
1787760057822,39.99899729,-83.01152876,20.478132561445243,1787760054832,onnx-community/mobilenetv4_conv_small.e2400_r224_in1k,fp16,webgpu,"mobile home, manufactured home",0.382,1,,,,,,,,,480,640,59
1787760057822,39.99899729,-83.01152876,20.478132561445243,1787760054832,onnx-community/mobilenetv4_conv_small.e2400_r224_in1k,fp16,webgpu,"lakeside, lakeshore",0.038,2,,,,,,,,,480,640,59
1787760057822,39.99899729,-83.01152876,20.478132561445243,1787760054832,onnx-community/mobilenetv4_conv_small.e2400_r224_in1k,fp16,webgpu,"picket fence, paling",0.023,3,,,,,,,,,480,640,59
1787760058589,39.99899729,-83.01152876,20.478132561445243,1787760054832,onnx-community/mobilenetv4_conv_small.e2400_r224_in1k,fp16,webgpu,"mobile home, manufactured home",0.409,1,,,,,,,,,480,640,59
1787760058589,39.99899729,-83.01152876,20.478132561445243,1787760054832,onnx-community/mobilenetv4_conv_small.e2400_r224_in1k,fp16,webgpu,"lakeside, lakeshore",0.037,2,,,,,,,,,480,640,59
1787760058589,39.99899729,-83.01152876,20.478132561445243,1787760054832,onnx-community/mobilenetv4_conv_small.e2400_r224_in1k,fp16,webgpu,"picket fence, paling",0.031,3,,,,,,,,,480,640,59
1787760059355,39.99899106,-83.01152748,19.944746510252195,1787760056293,onnx-community/mobilenetv4_conv_small.e2400_r224_in1k,fp16,webgpu,"mobile home, manufactured home",0.724,1,,,,,,,,,480,640,60.999999999883585
1787760059355,39.99899106,-83.01152748,19.944746510252195,1787760056293,onnx-community/mobilenetv4_conv_small.e2400_r224_in1k,fp16,webgpu,"park bench",0.042,2,,,,,,,,,480,640,60.999999999883585
1787760059355,39.99899106,-83.01152748,19.944746510252195,1787760056293,onnx-community/mobilenetv4_conv_small.e2400_r224_in1k,fp16,webgpu,"patio, terrace",0.022,3,,,,,,,,,480,640,60.999999999883585
1787760060116,39.99899106,-83.01152748,19.944746510252195,1787760056293,onnx-community/mobilenetv4_conv_small.e2400_r224_in1k,fp16,webgpu,"mobile home, manufactured home",0.877,1,,,,,,,,,480,640,56.000000000116415
1787760060116,39.99899106,-83.01152748,19.944746510252195,1787760056293,onnx-community/mobilenetv4_conv_small.e2400_r224_in1k,fp16,webgpu,"limousine, limo",0.007,2,,,,,,,,,480,640,56.000000000116415
1787760060116,39.99899106,-83.01152748,19.944746510252195,1787760056293,onnx-community/mobilenetv4_conv_small.e2400_r224_in1k,fp16,webgpu,"park bench",0.006,3,,,,,,,,,480,640,56.000000000116415
1787760060883,39.99899106,-83.01152748,19.944746510252195,1787760056293,onnx-community/mobilenetv4_conv_small.e2400_r224_in1k,fp16,webgpu,"mobile home, manufactured home",0.645,1,,,,,,,,,480,640,57
1787760060883,39.99899106,-83.01152748,19.944746510252195,1787760056293,onnx-community/mobilenetv4_conv_small.e2400_r224_in1k,fp16,webgpu,"park bench",0.035,2,,,,,,,,,480,640,57
1787760060883,39.99899106,-83.01152748,19.944746510252195,1787760056293,onnx-community/mobilenetv4_conv_small.e2400_r224_in1k,fp16,webgpu,"patio, terrace",0.020,3,,,,,,,,,480,640,57
1787760061649,39.99899106,-83.01152748,19.944746510252195,1787760056293,onnx-community/mobilenetv4_conv_small.e2400_r224_in1k,fp16,webgpu,"mobile home, manufactured home",0.854,1,,,,,,,,,480,640,58
1787760061649,39.99899106,-83.01152748,19.944746510252195,1787760056293,onnx-community/mobilenetv4_conv_small.e2400_r224_in1k,fp16,webgpu,"patio, terrace",0.018,2,,,,,,,,,480,640,58
1787760061649,39.99899106,-83.01152748,19.944746510252195,1787760056293,onnx-community/mobilenetv4_conv_small.e2400_r224_in1k,fp16,webgpu,"tricycle, trike, velocipede",0.010,3,,,,,,,,,480,640,58
1787760062409,39.99898412,-83.01152080,21.231804924234247,1787760059335,onnx-community/mobilenetv4_conv_small.e2400_r224_in1k,fp16,webgpu,"mobile home, manufactured home",0.850,1,,,,,,,,,480,640,52
1787760062409,39.99898412,-83.01152080,21.231804924234247,1787760059335,onnx-community/mobilenetv4_conv_small.e2400_r224_in1k,fp16,webgpu,"patio, terrace",0.016,2,,,,,,,,,480,640,52
1787760062409,39.99898412,-83.01152080,21.231804924234247,1787760059335,onnx-community/mobilenetv4_conv_small.e2400_r224_in1k,fp16,webgpu,"picket fence, paling",0.011,3,,,,,,,,,480,640,52
1787760063177,39.99898412,-83.01152080,21.231804924234247,1787760059335,onnx-community/mobilenetv4_conv_small.e2400_r224_in1k,fp16,webgpu,"mobile home, manufactured home",0.705,1,,,,,,,,,480,640,54
1787760063177,39.99898412,-83.01152080,21.231804924234247,1787760059335,onnx-community/mobilenetv4_conv_small.e2400_r224_in1k,fp16,webgpu,"patio, terrace",0.106,2,,,,,,,,,480,640,54
1787760063177,39.99898412,-83.01152080,21.231804924234247,1787760059335,onnx-community/mobilenetv4_conv_small.e2400_r224_in1k,fp16,webgpu,"picket fence, paling",0.022,3,,,,,,,,,480,640,54
1787760063940,39.99898412,-83.01152080,21.231804924234247,1787760059335,onnx-community/mobilenetv4_conv_small.e2400_r224_in1k,fp16,webgpu,"mobile home, manufactured home",0.852,1,,,,,,,,,480,640,52
1787760063940,39.99898412,-83.01152080,21.231804924234247,1787760059335,onnx-community/mobilenetv4_conv_small.e2400_r224_in1k,fp16,webgpu,"patio, terrace",0.055,2,,,,,,,,,480,640,52
1787760063940,39.99898412,-83.01152080,21.231804924234247,1787760059335,onnx-community/mobilenetv4_conv_small.e2400_r224_in1k,fp16,webgpu,"picket fence, paling",0.013,3,,,,,,,,,480,640,52
1787760064713,39.99898412,-83.01152080,21.231804924234247,1787760059335,onnx-community/mobilenetv4_conv_small.e2400_r224_in1k,fp16,webgpu,"mobile home, manufactured home",0.801,1,,,,,,,,,480,640,58
1787760064713,39.99898412,-83.01152080,21.231804924234247,1787760059335,onnx-community/mobilenetv4_conv_small.e2400_r224_in1k,fp16,webgpu,"patio, terrace",0.063,2,,,,,,,,,480,640,58
1787760064713,39.99898412,-83.01152080,21.231804924234247,1787760059335,onnx-community/mobilenetv4_conv_small.e2400_r224_in1k,fp16,webgpu,"recreational vehicle, RV, R.V.",0.027,3,,,,,,,,,480,640,58
1787760065469,39.99895121,-83.01149334,19.39061392610203,1787760062764,onnx-community/mobilenetv4_conv_small.e2400_r224_in1k,fp16,webgpu,"mobile home, manufactured home",0.570,1,,,,,,,,,480,640,49
1787760065469,39.99895121,-83.01149334,19.39061392610203,1787760062764,onnx-community/mobilenetv4_conv_small.e2400_r224_in1k,fp16,webgpu,"patio, terrace",0.109,2,,,,,,,,,480,640,49
1787760065469,39.99895121,-83.01149334,19.39061392610203,1787760062764,onnx-community/mobilenetv4_conv_small.e2400_r224_in1k,fp16,webgpu,"planetarium",0.063,3,,,,,,,,,480,640,49
1787760066239,39.99895121,-83.01149334,19.39061392610203,1787760062764,onnx-community/mobilenetv4_conv_small.e2400_r224_in1k,fp16,webgpu,"mobile home, manufactured home",0.618,1,,,,,,,,,480,640,54
1787760066239,39.99895121,-83.01149334,19.39061392610203,1787760062764,onnx-community/mobilenetv4_conv_small.e2400_r224_in1k,fp16,webgpu,"patio, terrace",0.124,2,,,,,,,,,480,640,54
1787760066239,39.99895121,-83.01149334,19.39061392610203,1787760062764,onnx-community/mobilenetv4_conv_small.e2400_r224_in1k,fp16,webgpu,"picket fence, paling",0.022,3,,,,,,,,,480,640,54
1787760067006,39.99895121,-83.01149334,19.39061392610203,1787760062764,onnx-community/mobilenetv4_conv_small.e2400_r224_in1k,fp16,webgpu,"mobile home, manufactured home",0.556,1,,,,,,,,,480,640,53
1787760067006,39.99895121,-83.01149334,19.39061392610203,1787760062764,onnx-community/mobilenetv4_conv_small.e2400_r224_in1k,fp16,webgpu,"patio, terrace",0.280,2,,,,,,,,,480,640,53
1787760067006,39.99895121,-83.01149334,19.39061392610203,1787760062764,onnx-community/mobilenetv4_conv_small.e2400_r224_in1k,fp16,webgpu,"picket fence, paling",0.014,3,,,,,,,,,480,640,53
1787760067778,39.99895121,-83.01149334,19.39061392610203,1787760062764,onnx-community/mobilenetv4_conv_small.e2400_r224_in1k,fp16,webgpu,"mobile home, manufactured home",0.404,1,,,,,,,,,480,640,60.999999999883585
1787760067778,39.99895121,-83.01149334,19.39061392610203,1787760062764,onnx-community/mobilenetv4_conv_small.e2400_r224_in1k,fp16,webgpu,"patio, terrace",0.261,2,,,,,,,,,480,640,60.999999999883585
1787760067778,39.99895121,-83.01149334,19.39061392610203,1787760062764,onnx-community/mobilenetv4_conv_small.e2400_r224_in1k,fp16,webgpu,"picket fence, paling",0.023,3,,,,,,,,,480,640,60.999999999883585
1787760068543,39.99904975,-83.01150134,10.19726417512369,1787760065312,onnx-community/mobilenetv4_conv_small.e2400_r224_in1k,fp16,webgpu,"patio, terrace",0.330,1,,,,,,,,,480,640,60
1787760068543,39.99904975,-83.01150134,10.19726417512369,1787760065312,onnx-community/mobilenetv4_conv_small.e2400_r224_in1k,fp16,webgpu,"mobile home, manufactured home",0.325,2,,,,,,,,,480,640,60
1787760068543,39.99904975,-83.01150134,10.19726417512369,1787760065312,onnx-community/mobilenetv4_conv_small.e2400_r224_in1k,fp16,webgpu,"brass, memorial tablet, plaque",0.018,3,,,,,,,,,480,640,60
1787760069320,39.99904975,-83.01150134,10.19726417512369,1787760065312,onnx-community/mobilenetv4_conv_small.e2400_r224_in1k,fp16,webgpu,"mobile home, manufactured home",0.590,1,,,,,,,,,480,640,71
1787760069320,39.99904975,-83.01150134,10.19726417512369,1787760065312,onnx-community/mobilenetv4_conv_small.e2400_r224_in1k,fp16,webgpu,"patio, terrace",0.195,2,,,,,,,,,480,640,71
1787760069320,39.99904975,-83.01150134,10.19726417512369,1787760065312,onnx-community/mobilenetv4_conv_small.e2400_r224_in1k,fp16,webgpu,"picket fence, paling",0.017,3,,,,,,,,,480,640,71
1787760070102,39.99904975,-83.01150134,10.19726417512369,1787760065312,onnx-community/mobilenetv4_conv_small.e2400_r224_in1k,fp16,webgpu,"patio, terrace",0.131,1,,,,,,,,,480,640,71
1787760070102,39.99904975,-83.01150134,10.19726417512369,1787760065312,onnx-community/mobilenetv4_conv_small.e2400_r224_in1k,fp16,webgpu,"unicycle, monocycle",0.108,2,,,,,,,,,480,640,71
1787760070102,39.99904975,-83.01150134,10.19726417512369,1787760065312,onnx-community/mobilenetv4_conv_small.e2400_r224_in1k,fp16,webgpu,"mobile home, manufactured home",0.067,3,,,,,,,,,480,640,71
1787760070882,39.99904975,-83.01150134,10.19726417512369,1787760065312,onnx-community/mobilenetv4_conv_small.e2400_r224_in1k,fp16,webgpu,"mobile home, manufactured home",0.081,1,,,,,,,,,480,640,68
1787760070882,39.99904975,-83.01150134,10.19726417512369,1787760065312,onnx-community/mobilenetv4_conv_small.e2400_r224_in1k,fp16,webgpu,"barrow, garden cart, lawn cart, wheelbarrow",0.065,2,,,,,,,,,480,640,68
1787760070882,39.99904975,-83.01150134,10.19726417512369,1787760065312,onnx-community/mobilenetv4_conv_small.e2400_r224_in1k,fp16,webgpu,"tricycle, trike, velocipede",0.052,3,,,,,,,,,480,640,68
1787760071666,39.99902954,-83.01150405,10.400066539674883,1787760068315,onnx-community/mobilenetv4_conv_small.e2400_r224_in1k,fp16,webgpu,"mobile home, manufactured home",0.158,1,,,,,,,,,480,640,69
1787760071666,39.99902954,-83.01150405,10.400066539674883,1787760068315,onnx-community/mobilenetv4_conv_small.e2400_r224_in1k,fp16,webgpu,"patio, terrace",0.054,2,,,,,,,,,480,640,69
1787760071666,39.99902954,-83.01150405,10.400066539674883,1787760068315,onnx-community/mobilenetv4_conv_small.e2400_r224_in1k,fp16,webgpu,"chain saw, chainsaw",0.033,3,,,,,,,,,480,640,69
1787760072454,39.99902954,-83.01150405,10.400066539674883,1787760068315,onnx-community/mobilenetv4_conv_small.e2400_r224_in1k,fp16,webgpu,"mobile home, manufactured home",0.162,1,,,,,,,,,480,640,75
1787760072454,39.99902954,-83.01150405,10.400066539674883,1787760068315,onnx-community/mobilenetv4_conv_small.e2400_r224_in1k,fp16,webgpu,"park bench",0.065,2,,,,,,,,,480,640,75
1787760072454,39.99902954,-83.01150405,10.400066539674883,1787760068315,onnx-community/mobilenetv4_conv_small.e2400_r224_in1k,fp16,webgpu,"shovel",0.039,3,,,,,,,,,480,640,75
1787760073229,39.99902954,-83.01150405,10.400066539674883,1787760068315,onnx-community/mobilenetv4_conv_small.e2400_r224_in1k,fp16,webgpu,"mobile home, manufactured home",0.143,1,,,,,,,,,480,640,68
1787760073229,39.99902954,-83.01150405,10.400066539674883,1787760068315,onnx-community/mobilenetv4_conv_small.e2400_r224_in1k,fp16,webgpu,"unicycle, monocycle",0.105,2,,,,,,,,,480,640,68
1787760073229,39.99902954,-83.01150405,10.400066539674883,1787760068315,onnx-community/mobilenetv4_conv_small.e2400_r224_in1k,fp16,webgpu,"swing",0.095,3,,,,,,,,,480,640,68
1787760074017,39.99902954,-83.01150405,10.400066539674883,1787760068315,onnx-community/mobilenetv4_conv_small.e2400_r224_in1k,fp16,webgpu,"mobile home, manufactured home",0.642,1,,,,,,,,,480,640,73.99999999988358
1787760074017,39.99902954,-83.01150405,10.400066539674883,1787760068315,onnx-community/mobilenetv4_conv_small.e2400_r224_in1k,fp16,webgpu,"patio, terrace",0.074,2,,,,,,,,,480,640,73.99999999988358
1787760074017,39.99902954,-83.01150405,10.400066539674883,1787760068315,onnx-community/mobilenetv4_conv_small.e2400_r224_in1k,fp16,webgpu,"swing",0.019,3,,,,,,,,,480,640,73.99999999988358
1787760074787,39.99901295,-83.01150846,10.71437248860259,1787760071322,onnx-community/mobilenetv4_conv_small.e2400_r224_in1k,fp16,webgpu,"mobile home, manufactured home",0.375,1,,,,,,,,,480,640,61
1787760074787,39.99901295,-83.01150846,10.71437248860259,1787760071322,onnx-community/mobilenetv4_conv_small.e2400_r224_in1k,fp16,webgpu,"swing",0.098,2,,,,,,,,,480,640,61
1787760074787,39.99901295,-83.01150846,10.71437248860259,1787760071322,onnx-community/mobilenetv4_conv_small.e2400_r224_in1k,fp16,webgpu,"patio, terrace",0.045,3,,,,,,,,,480,640,61
1787760075552,39.99901295,-83.01150846,10.71437248860259,1787760071322,onnx-community/mobilenetv4_conv_small.e2400_r224_in1k,fp16,webgpu,"mobile home, manufactured home",0.583,1,,,,,,,,,480,640,60.999999999883585
1787760075552,39.99901295,-83.01150846,10.71437248860259,1787760071322,onnx-community/mobilenetv4_conv_small.e2400_r224_in1k,fp16,webgpu,"patio, terrace",0.029,2,,,,,,,,,480,640,60.999999999883585
1787760075552,39.99901295,-83.01150846,10.71437248860259,1787760071322,onnx-community/mobilenetv4_conv_small.e2400_r224_in1k,fp16,webgpu,"unicycle, monocycle",0.020,3,,,,,,,,,480,640,60.999999999883585